"ACI","ADI","AEI","bioindex","duration","Individual"
21.961217075295,0.691229,0.030961,2.63665281943073,12.971746031746,"CR_01"
23.3305869692061,0.688029,0.050545,3.1378271209172,12.6011337868481,"CR_01"
21.3529959346241,0.680617,0.078987,3.36066021810817,11.9243310657596,"CR_01"
22.6057065318919,0.660598,0.126876,3.18130849677632,12.4883219954649,"CR_01"
22.6571419967777,0.677532,0.088131,2.81430579325882,11.988798185941,"CR_01"
23.5085481134812,0.688454,0.048402,3.65532228457922,11.457029478458,"CR_01"
22.7561212273791,0.673049,0.099909,2.82749207923796,12.8428344671202,"CR_01"
39.0055337572192,0.662598,0.122957,3.59349286268332,17.3562585034014,"DK_01"
25.1917701749923,0.693147,0.000254,4.31081458760288,14.9456689342404,"DK_01"
24.4193979047356,0.674686,0.09578,3.31845689982769,13.4029024943311,"DK_01"
25.3159657321382,0.689652,0.041778,4.15079504073524,14.8010430839002,"DK_01"
24.2980215777173,0.687974,0.050815,3.83181020752877,14.3671428571429,"DK_01"
36.9675210362073,0.690547,0.03604,4.00970852004944,17.1152154195011,"DK_01"
38.0486042927208,0.687066,0.055084,2.3142867316951,15.3313605442177,"DK_01"
9.70741415301723,0.693107,0.004455,4.30799949253671,9.88344671201814,"DK_01"
24.3291256717155,0.690488,0.036445,5.10142539352272,13.7501587301587,"DK_02"
23.0479480514079,0.691589,0.027904,4.83317697420767,13.4296371882086,"DK_02"
23.816730205137,0.689334,0.043636,4.82700944621276,13.1264399092971,"DK_02"
24.0991988508133,0.690058,0.039282,3.59628976630397,13.2685714285714,"DK_02"
22.570530699197,0.692837,0.012445,2.49600392271306,13.4814739229025,"DK_02"
22.5818552864742,0.686357,0.058199,3.34861085727385,12.5283900226757,"DK_02"
24.6784659580856,0.691375,0.029762,4.48591540086597,13.4880952380952,"DK_02"
23.2126590639441,0.693129,0.00303,4.02514479920119,13.3664172335601,"DK_02"
21.429336902658,0.689287,0.043904,3.56712396766161,13.2448526077098,"DK_02"
22.0822886176695,0.692009,0.023848,3.71323449809962,13.627619047619,"DK_02"
22.9845603502868,0.688394,0.048714,3.68762840483101,12.320589569161,"DK_02"
22.8941644117858,0.671813,0.102913,4.19990376543007,12.7927891156463,"DK_02"
22.075933010803,0.690195,0.038399,2.94320922231288,14.5274376417234,"DK_02"
23.0974568793247,0.680859,0.078223,3.6137251938723,12.6360544217687,"DK_02"
21.9590921223393,0.690252,0.038031,2.99710852086236,12.4502494331066,"DK_02"
21.2147617289791,0.692685,0.015196,2.39431684689196,13.9780045351474,"DK_02"
21.929333593774,0.692967,0.009494,2.38286203296718,14.2160317460317,"DK_02"
22.7241490173978,0.689121,0.044836,3.20422672735653,13.0151927437642,"DK_02"
23.6579387632956,0.672612,0.100981,3.20578088564534,12.9487301587302,"DK_03"
22.7089213251253,0.64916,0.147204,3.04512946009992,12.4442630385488,"DK_03"
24.0344239461588,0.630447,0.175184,2.91674431540959,11.9114512471655,"DK_03"
38.3486142204383,0.67597,0.09241,2.70799489052782,15.2615646258503,"DK_03"
37.6347161600957,0.686213,0.058813,2.87150589760851,15.2982993197279,"DK_03"
22.1908918389038,0.650621,0.144775,3.18449324173716,13.1725850340136,"DK_03"
23.3905250799441,0.679438,0.082603,3.1529243553207,11.8840816326531,"DK_03"
23.4472685960803,0.692987,0.008953,3.47957281406641,12.6107256235828,"DK_03"
21.5601260015064,0.687981,0.050779,3.03511170579576,13.8251020408163,"DK_03"
22.6919937747981,0.687866,0.051342,3.04907953520178,13.3428117913832,"DK_03"
22.6098811530144,0.661788,0.124558,2.88079155143248,14.8373696145125,"DK_03"
36.6310259103953,0.692605,0.016459,4.50692283552996,15.0018140589569,"DK_07"
21.8602231766194,0.692421,0.019051,4.26758999369645,13.3415192743764,"DK_07"
22.7312552576149,0.691416,0.029409,2.73232567863664,13.5787301587302,"DK_07"
20.9660678025196,0.68932,0.043717,3.50454088583389,13.9048299319728,"DK_07"
21.8726717345287,0.684798,0.064521,3.74655572274487,12.8968253968254,"DK_07"
24.4493361833271,0.692879,0.011576,4.24551268789567,12.6892970521542,"DK_07"
36.1064758021346,0.693121,0.003623,4.31724484022821,15.4761678004535,"DK_07"
22.5515530360315,0.691989,0.024063,4.23619468392444,14.1716780045351,"DK_07"
22.6245432381151,0.689023,0.045381,3.45709400403617,13.7565986394558,"DK_07"
23.25995086666,0.693146,0.000896,4.29659394408501,13.5490702947846,"DK_07"
23.405863503156,0.689751,0.041183,4.35341535655283,13.4897732426304,"DK_07"
22.8903405056276,0.692349,0.019976,4.50914254313614,13.964126984127,"DK_07"
22.9229072051825,0.691078,0.032153,3.81453433528338,14.260612244898,"DK_07"
23.2958132984505,0.691512,0.02859,4.0134287185849,14.4385034013605,"DK_07"
20.9718517309588,0.670152,0.106814,3.13722998243806,13.9344897959184,"DK_07"
20.3958814155963,0.649155,0.147214,3.53139118290853,14.1716780045351,"DK_07"
21.1156333520306,0.641386,0.15947,3.37670942129593,13.4601360544218,"DK_07"
20.4337289231502,0.65967,0.12865,2.91809327421072,14.7646258503401,"DK_07"
34.6626818131878,0.692333,0.020175,3.35869614429545,17.4749886621315,"DK_09"
33.8500794960226,0.692434,0.018888,3.10617002778754,16.6915419501134,"DK_09"
21.6537794390851,0.692754,0.014012,4.47602810676581,13.5938321995465,"DK_09"
21.3769592000826,0.692807,0.013038,3.48524336545169,14.6756916099773,"DK_09"
21.2942418665967,0.692824,0.01272,4.31632733646841,14.9904535147392,"DK_09"
22.7855551078822,0.693077,0.005903,4.63599291200193,13.81589569161,"DK_09"
20.8836343773356,0.689298,0.043844,3.90097996583892,14.4584580498866,"DK_09"
21.939333923201,0.68671,0.056671,4.39360130614634,11.5928798185941,"DK_09"
23.6474787328366,0.683228,0.070307,4.43743880647633,13.881201814059,"DK_09"
23.2227254555638,0.69087,0.033731,4.74296785847241,12.6267346938776,"DK_09"
22.6263095775557,0.692285,0.020754,4.02878729749116,13.6832426303855,"DK_09"
21.3891432649713,0.692743,0.014212,3.80167425967637,14.2179818594104,"DK_09"
36.8725871882257,0.691964,0.024317,3.72242926318728,15.5952154195011,"DK_09"
22.462168360864,0.693019,0.008015,4.18055486775107,13.5256689342404,"DK_09"
21.7142539324118,0.6913,0.030378,3.65722913280871,13.4578911564626,"DK_09"
22.2122734572625,0.692998,0.008646,3.77108451833591,14.0253741496599,"DK_09"
20.5192934532145,0.692913,0.010818,3.82085215071813,14.635873015873,"DK_09"
25.5579914283451,0.690677,0.035128,3.50661842634335,10.2367120181406,"DK_09"
21.0792401205663,0.692455,0.018596,3.01352728622231,14.7200907029478,"DK_09"
23.8935269883871,0.692811,0.012968,3.63742769403714,14.9721768707483,"DK_09"
21.0337770961962,0.684929,0.064015,2.7764516413391,13.7269614512472,"DK_09"
21.0159358857004,0.684522,0.065575,3.17862523996221,14.8832199546485,"DK_09"
20.4717516134537,0.674063,0.097371,3.32643310531223,14.1420181405896,"DK_09"
35.3691456876379,0.686639,0.056982,3.1451319831712,16.247029478458,"DK_09"
20.7184189517498,0.674396,0.096523,2.98937368091917,14.6163945578231,"DK_09"
23.034930455777,0.651334,0.143573,5.31685485986305,12.6436054421769,"DK_10"
23.7753036710556,0.647376,0.150114,5.39573560025954,13.0108390022676,"DK_10"
24.4404874969605,0.676898,0.089891,5.36044064597614,12.90589569161,"DK_10"
23.4978666509822,0.652769,0.141123,4.44877838286263,12.3812698412698,"DK_10"
24.3946756580626,0.649747,0.146234,5.5957601986689,10.8598639455782,"DK_10"
23.5977136785635,0.655857,0.135691,5.73341912024919,10.7078684807256,"DK_10"
22.9982268078085,0.691289,0.030468,4.68751104259839,11.0677777777778,"DK_10"
22.7629060335045,0.693009,0.008302,4.49977059517601,11.679410430839,"DK_10"
21.8503758107496,0.692044,0.023482,3.91818140335473,11.7226530612245,"DK_10"
22.3472502866861,0.691191,0.031267,3.66431425829905,11.027029478458,"DK_10"
21.7280427917684,0.691266,0.030662,3.29822804309362,10.8244444444444,"DK_10"
22.4020814660837,0.692675,0.015365,3.14453847509109,13.8677777777778,"DK_10"
32.325195194918,0.688041,0.050487,2.54366862226948,17.4177097505669,"DK_11"
34.1156961842439,0.653876,0.139201,3.09377580233533,19.1490022675737,"DK_11"
34.4769653488955,0.639345,0.162527,3.63557798157165,17.3127891156463,"DK_11"
35.420081653724,0.656453,0.134616,3.65497873119893,17.7324943310658,"DK_11"
34.2206222923654,0.609592,0.201496,3.49475933990887,16.5782993197279,"DK_11"
33.0426919460124,0.677193,0.089075,2.97840441544129,16.4209297052154,"DK_11"
34.3983876481979,0.680429,0.079575,3.09629440393103,16.9455328798186,"DK_11"
36.0917908785254,0.651294,0.143641,3.36303634318933,17.3652607709751,"DK_11"
33.6352490970759,0.65117,0.143852,3.25224031586107,17.8898866213152,"DK_11"
32.2102067945057,0.643775,0.155812,3.23922198508246,15.7388888888889,"DK_11"
32.5616437942805,0.648778,0.147832,2.65112944379367,16.3159863945578,"DK_11"
32.6971350196904,0.624063,0.183682,3.00764685172448,17.2603174603175,"DK_11"
31.464870916217,0.672026,0.102402,2.93261235907962,17.2603174603175,"DK_11"
33.453218672163,0.649064,0.147363,3.40395923183051,16.6832426303855,"DK_11"
37.502620576925,0.692049,0.02343,4.09711152132531,15.2409750566893,"DK_12"
25.2421370727353,0.682869,0.071566,4.51303985856055,13.8573469387755,"DK_12"
25.267076186317,0.689599,0.042095,4.21661283953448,13.0816553287982,"DK_12"
24.5496740146603,0.69314,0.001875,4.21372857280508,12.2221315192744,"DK_12"
24.4240347535902,0.690718,0.034835,4.21764826791702,13.0397278911565,"DK_12"
25.1634028936337,0.6659,0.116187,4.52932318459995,12.955873015873,"DK_12"
23.0585626176405,0.693123,0.003496,4.21215056298142,13.249387755102,"DK_12"
23.5937508917184,0.692945,0.010059,4.0163431593126,12.6833333333333,"DK_12"
24.1430662101924,0.691021,0.03259,3.72969992895537,13.1026303854875,"DK_12"
23.9240555913414,0.692329,0.020217,3.94810745201926,12.6414285714286,"DK_12"
24.0299421944369,0.690316,0.037606,4.0320329981289,13.3541950113379,"DK_12"
24.327124392822,0.690013,0.039564,4.16626358280232,12.0544217687075,"DK_12"
23.5272195321658,0.677037,0.089509,3.42195049750868,13.7944444444444,"DK_12"
23.4406926523897,0.690413,0.036959,2.34836923103198,11.7943990929705,"DV_01"
24.8315515193683,0.66532,0.117405,3.27376437086692,12.7882766439909,"DV_01"
24.3113437979183,0.686228,0.058752,2.44038642786086,13.5899092970522,"DV_01"
23.9470502012454,0.68804,0.050489,2.66000408585603,11.8566666666667,"DV_01"
23.389059579525,0.683891,0.067925,2.49381477845959,13.1157596371882,"DV_01"
22.745435035066,0.692038,0.023549,2.05464445961323,13.4885941043084,"DV_01"
24.1338312748004,0.690006,0.039612,2.53904005921254,11.6768707482993,"DV_01"
24.5412627911278,0.686661,0.056886,2.68792223074166,11.9481859410431,"DV_01"
25.0650580181532,0.685046,0.063558,1.99453450635317,12.8978231292517,"DV_01"
22.0461661390588,0.688644,0.047416,2.30756936599148,13.5769841269841,"DV_01"
23.1944171757204,0.688887,0.046118,2.1585655889083,12.5081179138322,"DV_01"
22.8563242919762,0.691492,0.028756,2.31428826624986,12.3721315192744,"DV_01"
22.8966832223467,0.692658,0.015637,2.39820088910035,12.6678458049887,"DV_01"
24.0838639965122,0.689178,0.044517,2.20376867834884,12.3182993197279,"DV_01"
25.1451679829368,0.687899,0.051181,2.54372819249152,12.3106802721088,"DV_01"
24.5236279719256,0.690087,0.039096,2.63921856596957,12.3999092970522,"DV_01"
9.91627117679829,0.682364,0.073294,2.31391563088668,8.95925170068027,"DV_01"
23.9630676571865,0.68325,0.070231,2.49400961351492,12.4321768707483,"DV_01"
21.6018931333631,0.668685,0.110141,2.52640439500505,12.5351020408163,"DV_01"
24.0817589018925,0.690833,0.034001,3.05252712684516,13.1916553287982,"DV_01"
25.7374296796278,0.693097,0.005007,3.63164723662469,12.6304988662132,"DV_01"
22.4503697201332,0.691194,0.03124,2.5277825492201,12.5756009070295,"DV_01"
25.0488550146829,0.691136,0.031704,4.2795745697679,12.977664399093,"DV_01"
23.8319591150906,0.693144,0.001317,3.56689118945334,12.4031519274376,"DV_01"
23.8178202965556,0.692142,0.022419,2.33990324855948,12.1860997732426,"DV_01"
24.2037949112662,0.692577,0.016883,4.12709386350941,13.5681859410431,"DV_01"
25.046434317266,0.691312,0.03028,3.85907258088156,13.3636507936508,"DV_01"
25.1173980313306,0.692849,0.012204,4.07728757628992,14.3863718820862,"DV_01"
26.7730721116616,0.693004,0.008471,4.12648063234071,13.6363718820862,"DV_01"
26.6117929150814,0.692779,0.013568,4.24855218987252,14.0795691609977,"DV_01"
23.953541026238,0.69302,0.007983,4.12005862567628,13.8750113378685,"DV_01"
24.4001319749011,0.69248,0.018259,3.22790696436079,14.7613832199546,"DV_01"
22.312733398138,0.669072,0.109272,3.55610086234908,14.072335600907,"DV_05"
21.095880881503,0.67385,0.09791,3.20245048677907,14.035306122449,"DV_05"
20.8152862531896,0.676498,0.090984,2.97085458509823,13.5024943310658,"DV_05"
20.6065109309334,0.668008,0.111641,3.02761731678146,13.3816099773243,"DV_05"
21.8007208018755,0.677322,0.088717,3.51119484956773,13.3463718820862,"DV_05"
21.8787877733555,0.669451,0.108416,3.17247399842317,14.2040589569161,"DV_05"
21.3850108769014,0.668832,0.109811,3.53270379491246,13.6610430839002,"DV_05"
37.0473250352687,0.672611,0.100983,4.47056590598645,15.6244217687075,"DV_05"
23.6022964366227,0.693105,0.004565,5.15545679682406,13.5286621315193,"DV_05"
22.2163379438767,0.69144,0.02921,4.78784565749396,13.7290249433107,"DV_05"
20.4902156422672,0.690835,0.03399,3.72527997588277,14.892380952381,"DV_05"
20.8202643584977,0.683714,0.068569,3.45629889015296,14.0860997732426,"DV_05"
19.8728609244156,0.675798,0.092867,3.33713402953809,13.9683219954649,"DV_05"
20.4033127461323,0.681379,0.076556,3.45178040316567,13.5269387755102,"DV_05"
33.1600915267689,0.688124,0.050072,3.39303115016993,16.070589569161,"DV_05"
21.7084562036802,0.68766,0.052331,3.62510504257134,14.8739229024943,"DV_05"
20.2862751439367,0.674944,0.095112,3.44311430036186,13.7837868480726,"DV_05"
36.7578571008564,0.67313,0.099707,4.4644799708987,15.3872335600907,"DV_05"
24.3854792942165,0.693029,0.007676,5.13286279622258,13.1951927437642,"DV_05"
22.2480779610428,0.691566,0.02811,4.75517310682812,13.8624036281179,"DV_05"
20.8793724776197,0.690833,0.034,3.71864677810198,14.892380952381,"DV_05"
20.6901623441811,0.68306,0.070899,3.44172222996184,14.2418140589569,"DV_05"
19.8728609244156,0.675798,0.092867,3.33713402953809,13.9712244897959,"DV_05"
20.3639140139812,0.681694,0.075528,3.51587621132703,13.0456462585034,"DV_05"
33.2613542472001,0.688673,0.047261,3.39250652521824,16.1778004535147,"DV_05"
21.6633063871958,0.687473,0.053215,3.61528634346777,14.8885260770975,"DV_05"
20.3130617972818,0.676477,0.091041,3.44153695527904,13.7802721088435,"DV_05"
22.4585579930294,0.690313,0.037626,2.74332258636954,12.4224489795918,"DV_09"
21.9611626232786,0.680256,0.080112,3.07859795626891,11.3551247165533,"DV_09"
23.1082279607522,0.683103,0.070746,3.80181328375428,11.3254875283447,"DV_09"
21.9782722407358,0.685164,0.063095,2.82748920143482,10.8214739229025,"DV_09"
23.0890305768217,0.672968,0.100108,3.10661310360545,13.371201814059,"DV_09"
21.9261958655043,0.647976,0.149143,3.09946228927053,13.4008163265306,"DV_09"
23.8039465298621,0.679569,0.082209,3.48930762071723,13.1043537414966,"DV_09"
21.2077486133468,0.689588,0.042157,4.32218555620766,10.8631292517007,"DV_12"
22.1381668252432,0.693016,0.008086,4.71028206332718,12.7485714285714,"DV_12"
22.4485368361811,0.692258,0.021078,4.60696582400499,12.8638775510204,"DV_12"
21.5844362588101,0.691705,0.026844,4.82549706375701,11.4089342403628,"DV_12"
22.3385156260174,0.69285,0.012187,4.45756485750362,11.7021315192744,"DV_12"
21.8671587050508,0.692282,0.020801,4.29705983316467,10.8113832199546,"DV_12"
22.3385134482268,0.687944,0.050962,4.12368325912776,11.0784807256236,"DV_12"
9.94058213274629,0.69171,0.026802,4.19242156259697,9.96301587301587,"DV_12"
23.9705074399109,0.691429,0.029299,4.58573531351321,11.3199546485261,"DV_12"
22.0543955460728,0.679672,0.081897,3.77677310484941,10.5298866213152,"DV_12"
22.6298548674051,0.685118,0.063276,3.45293966277371,10.7340589569161,"DV_12"
25.3633969619251,0.688136,0.050015,4.24454413851943,11.1006575963719,"DV_12"
26.2726085284917,0.687367,0.053709,4.53077998322986,10.0248299319728,"DV_12"
23.4484370388232,0.687164,0.054642,4.17601408538363,10.8956009070295,"DV_12"
24.7143923906477,0.68497,0.063854,4.3410706354846,10.2636507936508,"DV_12"
25.6809401607847,0.679557,0.082244,4.12030552601255,10.1224943310658,"DV_12"
24.1502536793791,0.680327,0.079892,3.77969017953217,11.0210204081633,"DV_12"
23.4380410715272,0.683126,0.070668,3.56700657292487,10.2995011337868,"DV_12"
24.5981888620239,0.688965,0.045694,3.54431377086483,10.1397052154195,"DV_12"
24.8695283376187,0.684004,0.067511,4.02001504273032,10.4863038548753,"DV_12"
23.6109248391387,0.689495,0.042709,4.22456890337416,10.4760090702948,"DV_12"
23.1646539909185,0.683857,0.068049,4.06551039677689,11.6503401360544,"DV_12"
22.5694705395631,0.680692,0.07875,3.65427329860289,11.2167346938776,"DV_12"
10.250775858106,0.692308,0.020477,4.66035289005358,9.9050566893424,"DV_12"
24.3452788282659,0.693134,0.002591,4.65307114646728,10.7238095238095,"DV_12"
20.9115077727813,0.693122,0.003527,4.66987817861344,11.4722222222222,"DV_12"
25.7766264500215,0.693144,0.001291,5.01804924275775,10.668798185941,"DV_12"
22.6376423997108,0.693147,2.9e-05,4.17354159417269,11.0401133786848,"DV_12"
24.1218600158659,0.690405,0.037014,4.3160584454838,10.7301587301587,"DV_12"
23.4183458748231,0.6926,0.016545,4.48784828694158,10.2012698412698,"DV_12"
10.1152077485777,0.692225,0.02147,3.92498720803855,9.3331746031746,"DV_12"
10.3847619368041,0.690078,0.039156,3.39594359673244,9.79904761904762,"DV_12"
21.4253494977906,0.689454,0.042946,3.39046680915562,13.2240136054422,"DV_13"
36.5464108402616,0.692279,0.020836,2.6373886435148,16.2246031746032,"DV_13"
21.88279633657,0.689705,0.041465,3.81036210165677,12.78820861678,"DV_13"
39.0600350350178,0.691098,0.032001,3.27948121655679,19.1192743764172,"DV_13"
22.5780515061315,0.692002,0.023921,3.43946805099034,13.4624716553288,"DV_13"
22.709039709288,0.691012,0.032665,3.75675448322836,12.7154421768707,"DV_13"
23.1440011285872,0.691847,0.025494,4.40583731548055,13.1099546485261,"DV_13"
36.3856614682974,0.692084,0.023055,3.59842892970982,18.4579365079365,"DV_13"
23.0383258963408,0.685314,0.0625,3.48013672497328,14.0771428571429,"DV_13"
20.202413466012,0.67674,0.090326,2.67822551173389,13.5519501133787,"DV_13"
22.3696717734717,0.669043,0.109339,2.69739698197912,13.2526077097506,"DV_13"
20.8564029794131,0.679042,0.083781,2.91478142742778,14.4268934240363,"DV_13"
21.7226481491658,0.66268,0.122794,2.81239259538108,13.3025396825397,"DV_13"
33.7361044675102,0.692463,0.018487,2.37733674176595,15.1797052154195,"DV_15"
35.7837144689292,0.667874,0.111936,3.06227615914171,17.9431065759637,"DV_15"
22.5305813183614,0.665584,0.116853,3.36422698348652,13.491201814059,"DV_15"
36.3195742584697,0.682021,0.074449,3.22578444384126,17.567619047619,"DV_15"
36.2785588556015,0.690038,0.039406,4.13448452638151,15.7309297052154,"DV_15"
37.3854237961935,0.67027,0.106542,3.55420249078867,17.3275510204082,"DV_15"
36.2001349674579,0.68172,0.075445,3.30667654673593,18.1344897959184,"DV_15"
35.8593760237326,0.661771,0.124592,3.43587629493434,17.4096598639456,"DV_15"
22.6755355480896,0.690598,0.035685,4.05574710247776,13.6528344671202,"DV_16"
21.9583661427673,0.67741,0.088471,3.87796491347918,13.4601360544218,"DV_16"
22.8718524495732,0.669886,0.107426,3.63325740846736,13.0662585034014,"DV_16"
23.9850915615418,0.671308,0.104116,3.7113779323355,13.3630839002268,"DV_16"
22.0663035688606,0.643604,0.156076,3.56029626969616,14.6163945578231,"DV_16"
39.5717416155786,0.671303,0.104127,3.80741799507664,15.2390022675737,"DV_16"
22.8959187202572,0.687466,0.053247,4.071364483799,13.7734467120181,"DV_16"
23.5045536972151,0.676644,0.090587,3.42667952252057,12.6897732426304,"DV_16"
23.8079479131617,0.66681,0.114249,3.71424808243571,12.9275963718821,"DV_16"
21.7845272214939,0.663058,0.122036,3.66860284087309,12.7068934240363,"DV_16"
21.9817204629052,0.65695,0.133713,3.56875883715431,12.4009297052154,"DV_16"
24.1676211444531,0.677539,0.088111,4.0883567512124,12.2694557823129,"DV_16"
21.9752564777115,0.670338,0.106385,2.40642121492384,11.3809750566893,"DV_17"
22.8178101628307,0.652738,0.141177,2.85925025579657,11.5786621315193,"DV_17"
22.1602200528321,0.609788,0.201265,2.84661156662761,12.595306122449,"DV_17"
24.8961281195343,0.666359,0.115213,2.98098595797841,12.482358276644,"DV_17"
22.5780986612755,0.675386,0.093956,2.98860751424698,12.0022675736961,"DV_17"
23.9272564723664,0.677888,0.087125,2.52614046099719,11.3244897959184,"DV_17"
25.0042159245105,0.67327,0.099362,3.17298118136605,11.5504081632653,"DV_17"
25.1650220207209,0.669655,0.107953,2.77484612829437,10.7314512471655,"DV_17"
21.8437134242789,0.68053,0.079258,2.25070194701527,12.1152154195011,"DV_17"
21.7840186475034,0.687758,0.051863,2.27220951561537,10.7314512471655,"DV_17"
22.4677013974162,0.672023,0.102409,2.57743007024124,11.2962585034014,"DV_17"
22.247654837873,0.693088,0.005421,3.56579249450141,10.5055328798186,"DV_17"
22.0945338091337,0.673973,0.097598,2.63644666188931,11.8610657596372,"DV_17"
22.9978531107187,0.675755,0.092982,2.61988016010225,10.2795918367347,"DV_17"
23.662022101227,0.65142,0.143429,2.74239319600627,11.7198639455782,"DV_17"
23.6222395947039,0.68221,0.073816,2.77852215032671,11.3809750566893,"DV_17"
35.7016533275406,0.692321,0.020324,3.82029535902642,17.2272562358277,"DV_19"
21.4870946911335,0.692661,0.015585,3.80665541639861,14.9472789115646,"DV_19"
34.3734306888301,0.689752,0.041177,3.57075687479314,15.4390476190476,"DV_19"
22.0468212018227,0.692981,0.009125,3.82227197600358,14.4720861678005,"DV_19"
21.3794606737244,0.692674,0.01538,3.37398393287644,14.6309297052154,"DV_19"
22.7891478910154,0.690775,0.034426,3.24604942577017,14.9342176870748,"DV_19"
37.5630816589689,0.689814,0.040799,3.99989572609192,16.3063265306122,"DV_19"
37.308764614811,0.688321,0.049086,3.99887188634405,15.5947619047619,"DV_19"
34.876076574433,0.691369,0.029807,3.59845138866125,16.9289115646258,"DV_19"
34.751939026556,0.69098,0.032908,2.96562972563314,16.0987755102041,"DV_19"
10.7835816277395,0.685361,0.062312,3.24827785144364,8.71648526077098,"DVGG_06"
10.6230253645341,0.688038,0.050497,2.93083911666023,9.51698412698413,"DVGG_06"
10.8811799103742,0.664274,0.119571,3.44294673293094,9.22049886621315,"DVGG_06"
11.6195657560309,0.691091,0.032054,3.70840965608697,8.56825396825397,"DVGG_06"
11.9117553902168,0.690082,0.039131,4.22776786226253,9.10190476190476,"DVGG_06"
11.2783135641979,0.693147,0.000303,4.33612163637452,9.16120181405896,"DVGG_06"
11.572989760847,0.693145,0.001104,4.1231926070849,9.47673469387755,"DVGG_06"
12.5034992444189,0.692355,0.019902,5.28190966148919,7.61471655328798,"DVGG_06"
11.2655637934124,0.693138,0.002173,4.73963457493203,8.80975056689342,"DVGG_06"
11.6640939667782,0.692051,0.023407,4.03786008559669,8.05938775510204,"DVGG_06"
11.2486001315607,0.685904,0.060106,3.94397228459177,8.50403628117914,"DVGG_06"
11.5511822079699,0.687192,0.054513,3.91048024416505,8.17054421768708,"DVGG_06"
11.6053129748473,0.682006,0.074496,3.36063527700159,8.89312925170068,"DVGG_06"
11.2680713767318,0.679803,0.081501,3.48957587657418,9.42115646258503,"DVGG_06"
11.044715479741,0.631727,0.173425,2.93751907751004,7.70845804988662,"DVGG_06"
11.2295540716148,0.687858,0.051378,4.1433426750879,8.3607029478458,"DVGG_06"
11.719941879659,0.692626,0.016148,4.41493477977869,8.27176870748299,"DVGG_06"
12.6072474183787,0.686734,0.056567,4.76628181761563,7.91600907029478,"DVGG_06"
13.4250710222257,0.692116,0.022698,5.17846479922977,7.9456462585034,"DVGG_06"
12.5306200062393,0.693136,0.002325,4.64576461169458,8.09387755102041,"DVGG_06"
12.0906458487462,0.69245,0.018663,4.80293795849805,8.33106575963719,"DVGG_06"
10.6866292332147,0.689584,0.042181,3.30733814304416,8.50893424036281,"DVGG_06"
10.7176452565734,0.692959,0.009709,4.82939379340395,8.68684807256236,"DVGG_06"
25.3144438322173,0.674827,0.095415,3.47873069924873,14.3400907029478,"DVGG_10"
22.8173096087079,0.69195,0.024458,2.62567885628619,12.3187755102041,"DVGG_10"
22.9318638447987,0.69204,0.023528,3.10113841935381,11.1815192743764,"DVGG_10"
22.504454232641,0.691964,0.024321,2.64159688707412,10.6495238095238,"DVGG_10"
22.1041810642138,0.692469,0.018406,2.52532595799095,10.1740136054422,"DVGG_10"
21.7980131633666,0.692365,0.01978,2.58585921554833,10.8081405895692,"DVGG_10"
22.7723788766257,0.683491,0.069374,3.1856429308587,12.2621315192744,"DVGG_10"
22.3264157129165,0.677719,0.087604,3.07594250149132,12.0068707482993,"DVGG_10"
23.7422891601046,0.687933,0.051013,2.9753623704893,11.888798185941,"DVGG_14"
24.3559324729038,0.691941,0.024549,3.7230244783768,12.5707029478458,"DVGG_14"
24.175731442227,0.692503,0.017948,4.27831210019996,12.5410430839002,"DVGG_14"
22.731487441866,0.691282,0.030527,4.13749787887014,14.0234240362812,"DVGG_14"
24.6704225174165,0.689889,0.040337,3.48203518337561,13.3415192743764,"DVGG_14"
21.6650586653368,0.689192,0.044439,2.62767104001131,11.5626757369615,"DVGG_14"
22.8095691558754,0.686298,0.058453,2.46384016957503,13.4304761904762,"DVGG_14"
22.9415285551026,0.688979,0.045619,2.7691948373164,12.4224489795918,"DVGG_14"
21.7377956944596,0.690097,0.039033,2.58552678623647,12.0963265306122,"DVGG_14"
22.033218783938,0.691039,0.032453,2.35087670473911,13.371201814059,"DVGG_14"
21.8684623430398,0.69103,0.032527,4.35147115311677,14.6163945578231,"DVGG_18"
23.0478272003037,0.690905,0.033468,4.77766273898718,13.0154195011338,"DVGG_18"
21.5385115803257,0.668745,0.110008,4.1599496199003,12.7189342403628,"DVGG_18"
21.4464339967837,0.685921,0.060037,4.22856751900868,12.926462585034,"DVGG_18"
22.5872874656091,0.671136,0.10452,4.33974424140049,12.8920634920635,"DVGG_18"
23.0184648597065,0.680101,0.080591,4.30782501591821,12.7227891156463,"DVGG_18"
23.5399341390797,0.691484,0.02883,4.05713984804133,13.7101587301587,"DVGG_18"
22.4923492258183,0.689953,0.03994,3.79992186050826,14.4718140589569,"DVGG_18"
22.3594537947238,0.681783,0.075237,3.83507969027765,13.5973015873016,"DVGG_18"
21.7931420853643,0.673402,0.099032,3.49160024236554,11.2365306122449,"IC_02"
23.1740562727927,0.693119,0.003743,3.43423621685307,10.3471201814059,"IC_02"
25.4905179874599,0.693095,0.005107,4.07115702282452,11.592335600907,"IC_02"
22.6066311108129,0.693118,0.003792,3.29613913988353,10.7325396825397,"IC_02"
24.3554125954482,0.687504,0.05307,2.66819072401809,10.9400680272109,"IC_02"
22.8208552989275,0.689783,0.040993,3.18395043834665,10.7028798185941,"IC_02"
22.0996004750615,0.691656,0.027299,3.21735115827263,11.6219727891156,"IC_02"
21.9216633837692,0.681781,0.075243,3.10882010497067,12.1852607709751,"IC_02"
22.595361864478,0.664729,0.118634,3.04109720731123,10.3470975056689,"IC_02"
22.6391090712992,0.67671,0.090408,3.19864903098491,10.7029024943311,"IC_02"
21.747653501489,0.641662,0.159052,2.6382940697038,10.5546485260771,"IC_02"
21.7918732694213,0.656013,0.135411,2.68780403570619,11.5626530612245,"IC_02"
21.1099603941465,0.683984,0.067583,1.82590069052678,10.5842857142857,"IC_02"
22.3704016468746,0.638251,0.164141,2.40497090134802,10.0506349206349,"IC_02"
22.1112559183514,0.672375,0.101558,2.24085294223455,11.0586394557823,"IC_02"
23.5925529624267,0.659749,0.128501,2.46903651823884,10.4657142857143,"IC_02"
22.9265926221705,0.664759,0.118572,2.88040035584493,11.0882993197279,"IC_02"
21.8148868347533,0.642888,0.15718,2.30544184442539,11.0586621315193,"IC_02"
22.2273130231334,0.692424,0.019008,2.89451430189386,11.147619047619,"IC_02"
22.2960707568942,0.663578,0.120989,2.80691023371507,11.7702040816327,"IC_02"
24.4883716084107,0.692888,0.011386,3.57137980097476,11.6219727891156,"IC_02"
23.8719192228102,0.676792,0.090182,3.23787138051584,11.2069160997732,"IC_02"
23.5993791295089,0.688087,0.050257,3.37832087163729,10.0802947845805,"IC_02"
23.8920965593591,0.68455,0.065469,3.57279097974815,11.740566893424,"IC_02"
23.0105497958101,0.675384,0.093961,3.11814540508204,10.9104308390023,"IC_02"
22.3221107830683,0.6897,0.041495,3.12495115244225,10.6732426303855,"IC_02"
23.2804523132009,0.687594,0.052643,3.31481778474689,11.0882993197279,"IC_02"
21.5453532439936,0.673127,0.099716,2.18188481907772,10.7918367346939,"IC_02"
9.5313032815237,0.670843,0.10521,2.36174843040374,9.39839002267574,"IC_02"
21.7352403340792,0.661523,0.125078,2.446127924573,11.0882993197279,"IC_02"
24.1111185912909,0.654529,0.138056,2.86508228816073,10.2878231292517,"IC_02"
9.7923254053259,0.648264,0.148673,2.87391002002332,8.98333333333333,"IC_02"
23.2909391572303,0.655615,0.136126,2.5892784458199,12.2149206349206,"IC_02"
23.6755155223086,0.674158,0.097132,2.74120539856089,11.5923129251701,"IC_02"
10.6031486301168,0.638867,0.163233,2.96729012338845,9.07224489795918,"IC_02"
23.1916955213782,0.633416,0.171073,2.724764083555,12.3928117913832,"IC_02"
21.6722529552232,0.631871,0.173225,2.59130298317115,13.4897732426304,"IC_02"
23.2700121019171,0.669238,0.108899,2.60925363840016,11.9777324263039,"IC_02"
22.5612774191144,0.64017,0.161299,2.6399768804996,11.2068934240363,"IC_02"
22.2445851223027,0.644008,0.155449,2.38703964576478,12.4520861678005,"IC_02"
44.1840457045082,0.649779,0.14618,2.58694591788814,20.6645124716553,"IC_03"
34.0749889636993,0.606961,0.204549,2.98070114273315,18.6484807256236,"IC_03"
31.2925714798689,0.655537,0.136265,2.77289674234323,18.2334240362812,"IC_03"
35.8554209273211,0.665006,0.11806,2.7086102308286,17.6701133786848,"IC_03"
33.7282908749782,0.68641,0.057973,2.19180800831883,18.5891836734694,"IC_03"
33.815344475473,0.638777,0.163366,2.28491265055942,19.3303854875283,"IC_03"
36.0600018496907,0.620791,0.187874,2.36393576481322,17.1957369614512,"IC_03"
33.5938678674936,0.624625,0.182951,2.36653759447924,18.2927210884354,"IC_03"
34.504836725707,0.654982,0.137254,2.13055712279762,18.1148299319728,"IC_03"
35.3042329859137,0.65476,0.137647,2.49176469214702,18.6781405895692,"IC_03"
32.538465480903,0.624582,0.183007,2.06701479911125,16.4248979591837,"IC_03"
35.5353474255576,0.620864,0.187782,2.30955429046923,19.6565079365079,"IC_03"
33.8955697914709,0.664143,0.119838,2.33616547434952,17.9665759637188,"IC_03"
39.0300776343757,0.69194,0.024563,4.03179554591603,16.0691383219955,"IC_04"
32.5001708170487,0.692687,0.015172,3.07285302443916,17.284693877551,"IC_04"
33.5585314181076,0.693022,0.007907,3.69100874927499,15.6243990929705,"IC_04"
22.6568262689225,0.692024,0.023698,3.22440898588317,14.9128798185941,"IC_04"
34.810690130751,0.684834,0.064383,3.11039776822724,16.0691156462585,"IC_04"
22.5295007335978,0.68665,0.056935,3.73735073407083,13.2525850340136,"IC_04"
22.8544065689669,0.692754,0.014016,3.7625055675204,13.3415192743764,"IC_04"
21.7614607519125,0.68984,0.040639,2.38175095954365,10.3962585034014,"IC_07"
24.5100434223833,0.692386,0.01951,2.56433513155374,10.2581632653061,"IC_07"
23.8448692748867,0.680413,0.079624,2.71879041255424,10.6139455782313,"IC_07"
26.5344312491965,0.678451,0.085512,3.25828759669216,10.9697278911565,"IC_07"
9.98650726405409,0.68748,0.05318,2.37460876524261,9.87274376417234,"IC_07"
9.93971438429156,0.686995,0.055404,2.22128538296892,9.66521541950113,"IC_07"
21.8999530398544,0.672076,0.10228,2.66463410194692,12.6892743764172,"IC_07"
23.9729239121249,0.685317,0.06249,2.78038605646585,11.2661904761905,"IC_07"
23.5098776149819,0.680884,0.078145,2.81238613153283,11.2068934240363,"IC_07"
24.2861279828162,0.654555,0.138009,2.98987122662272,11.4144217687075,"IC_07"
24.1281528437874,0.670204,0.106693,2.99774260398758,11.2662131519274,"IC_07"
24.8180846978623,0.678943,0.084073,2.92616111340191,12.7189342403628,"IC_07"
23.5190867313273,0.680183,0.080336,2.58255811668063,11.740566893424,"IC_07"
23.3458810181601,0.679045,0.083774,2.73501418932691,12.2445804988662,"IC_07"
10.0615740639684,0.681413,0.076447,2.83536275160592,9.78380952380952,"IC_07"
23.0689061784545,0.67105,0.104724,2.77061613581681,10.3174603174603,"IC_07"
25.1801836948011,0.689194,0.04443,2.27033397858632,10.9697052154195,"IC_08"
23.8836476300912,0.681661,0.075637,2.68216758819373,10.7621995464853,"IC_08"
23.7971411946451,0.677032,0.089522,2.56203351575306,11.3847845804989,"IC_08"
25.050833221412,0.664836,0.118413,2.90034522195226,11.5626757369615,"IC_08"
12.2464645958558,0.671316,0.104095,2.33023407008571,9.81344671201814,"IC_08"
25.8560940490433,0.679737,0.081701,2.45503091453005,12.3038775510204,"IC_08"
24.7582755762863,0.666933,0.113983,2.32286105909472,12.2149206349206,"IC_08"
23.4044973018829,0.661464,0.125194,2.55727073724492,11.5033560090703,"IC_08"
23.4923476770213,0.630385,0.175268,2.35448739795527,11.9480952380952,"IC_08"
24.2305635332706,0.645481,0.15314,2.91688472451379,11.1772562358277,"IC_08"
22.5815620740203,0.648198,0.148781,2.47761629603021,10.5546485260771,"IC_08"
21.8799692684971,0.680212,0.080249,2.58455382369466,11.5626757369615,"IC_08"
23.5154938310576,0.68288,0.071525,2.35633864707013,11.6812471655329,"IC_08"
24.8217381234625,0.654244,0.138558,2.5074221906671,11.1475963718821,"IC_08"
24.0294729239373,0.646543,0.151452,2.34997116128269,11.4144217687075,"IC_08"
23.0944178588158,0.663393,0.121362,2.58258194328906,11.2068934240363,"IC_08"
23.4923580772304,0.629646,0.176274,2.89695959134869,10.8807709750567,"IC_09"
24.4807743064193,0.639338,0.162538,2.77433581347629,10.5842857142857,"IC_09"
22.8398443426386,0.5844,0.228849,2.57645792407892,11.2069160997732,"IC_09"
22.6790621655972,0.591395,0.221643,2.82923111417938,10.4063945578231,"IC_09"
24.4767471762204,0.639427,0.162405,3.03724402407956,10.8214739229025,"IC_09"
10.3143605724141,0.637566,0.165142,2.92657928257675,9.25013605442177,"IC_09"
38.2302422085239,0.691051,0.032361,3.54249872551045,16.2766439909297,"IC_10"
26.4727708854017,0.684788,0.064559,3.05664992481947,14.260612244898,"IC_10"
41.1154514025268,0.689539,0.042448,4.12908197508462,15.7429931972789,"IC_10"
40.267267297321,0.69298,0.009153,3.61970357483128,15.7429931972789,"IC_10"
25.1245019131949,0.690218,0.038253,3.51190432632955,14.5570975056689,"IC_10"
37.8203129661037,0.667232,0.113338,2.62832952579472,15.8615873015873,"IC_10"
37.6550784230558,0.64739,0.150092,2.76033643958349,15.5045578231293,"IC_10"
23.6380758121968,0.668014,0.111629,3.2367935248599,13.964126984127,"IC_10"
23.0011420687435,0.664511,0.119084,2.61368625952668,14.2013151927438,"IC_10"
20.7765405267962,0.678338,0.085836,2.1506293497865,14.1420181405896,"IC_10"
22.1228329456562,0.692417,0.019099,3.74803574951173,13.2525850340136,"IC_11"
22.82761471903,0.679726,0.081733,3.20110774283549,13.1636507936508,"IC_11"
21.5386887251999,0.678601,0.085075,2.84018751546419,14.5570975056689,"IC_11"
20.9903300885095,0.664783,0.118523,2.54547537430276,13.519433106576,"IC_11"
22.4500748686036,0.687906,0.051146,2.88073865166954,13.81589569161,"IC_11"
25.6885449107002,0.69198,0.024152,3.55807387411453,13.4304761904762,"IC_11"
22.7537689102957,0.670541,0.105913,2.85310022710274,13.9937868480726,"IC_11"
22.8545568699638,0.686231,0.058738,3.15558839053198,13.3415419501134,"IC_11"
20.7945083941478,0.667924,0.111826,2.43856834706373,14.3495691609977,"IC_11"
22.0477584618439,0.693097,0.004996,3.57953374739961,14.3495691609977,"IC_12"
22.1030830929733,0.686935,0.055674,2.6105814676516,12.037029478458,"IC_12"
24.0985408967007,0.687047,0.055172,3.00630229662276,13.1932879818594,"IC_12"
21.0210388942108,0.692536,0.017486,1.97851914737743,13.1932879818594,"IC_12"
21.3793354458399,0.692464,0.018478,2.09699281113705,12.63,"IC_12"
20.0082141553026,0.648017,0.149076,3.12795442080554,13.9937868480726,"IC_13"
19.4954758798401,0.637908,0.164643,3.36870474726348,13.9641496598639,"IC_13"
21.4980534889084,0.641693,0.159005,3.139164939766,14.112380952381,"IC_13"
19.6410365936355,0.582307,0.230954,3.12522729820098,13.9344897959184,"IC_13"
20.1284000828795,0.649295,0.146981,2.85294367240976,12.9561224489796,"IC_13"
19.728887732832,0.674711,0.095715,2.64721090558415,14.7053287981859,"IC_13"
19.7453161755947,0.661323,0.12547,3.10718267964723,14.3199092970522,"IC_13"
31.4695234014925,0.596112,0.216626,3.20400683760372,15.5651020408163,"IC_13"
19.1377288972621,0.640641,0.160594,3.07356735469407,14.7053287981859,"IC_13"
20.5916370999075,0.672526,0.101189,3.02334364134266,14.8535827664399,"IC_13"
19.6502642943785,0.684667,0.065024,2.24513269679945,14.6163945578231,"IC_13"
20.2759760148409,0.659688,0.128616,2.97793213903492,14.1420181405896,"IC_13"
20.0086369685668,0.62775,0.178828,2.87854157441521,14.260612244898,"IC_13"
20.5933069131243,0.672934,0.100191,2.89092506364327,13.074693877551,"IC_13"
19.3437617006652,0.63638,0.166861,2.70753841670363,13.4601360544218,"IC_13"
19.3562593437115,0.658978,0.129959,2.68658673475201,14.408843537415,"IC_13"
20.9889651737928,0.625417,0.181915,2.98163925045302,14.6460544217687,"IC_13"
19.2399419905594,0.674246,0.096906,2.38991387160992,12.629977324263,"IC_13"
19.3902072470582,0.648427,0.148408,2.71336468465091,14.1716553287982,"IC_13"
19.4499210945254,0.653379,0.140068,2.59402766962504,14.5274376417234,"IC_13"
19.9047136144617,0.688065,0.050366,2.48880135207939,13.9937868480726,"IC_13"
22.2294570287004,0.682984,0.071165,3.75701971929107,13.4008390022676,"IC_13"
21.4795930897408,0.683991,0.067558,1.84465835077503,12.9443537414966,"IC_13"
20.5801690866855,0.666061,0.115847,3.28328547387274,11.2226757369615,"IC_13"
20.9247404715939,0.661674,0.124783,3.64597014589539,12.8671655328798,"IC_13"
21.0732776785179,0.653478,0.139895,3.59549616485041,11.4393650793651,"IC_13"
20.4225308533859,0.655498,0.136335,3.0136156543733,14.112358276644,"IC_13"
21.4254043480783,0.672893,0.100293,3.02988872194448,12.3337188208617,"IC_13"
21.4222730103826,0.646018,0.152289,3.09272890920762,12.9090702947846,"IC_13"
21.0735458586545,0.672065,0.102309,3.1058108569781,11.8623129251701,"IC_13"
20.5001141970106,0.666555,0.114796,3.2382467177852,14.5657369614512,"IC_13"
20.7971981618651,0.673337,0.099194,2.48414168189082,12.7396145124717,"IC_13"
20.5217699681839,0.662407,0.123336,3.4515222671455,12.0619954648526,"IC_13"
20.9220173710815,0.643538,0.156178,3.11099703376138,13.501768707483,"IC_13"
21.7711751504022,0.681521,0.076095,2.43086626730399,13.4008390022676,"IC_13"
21.576085867825,0.693146,0.000673,3.03988045228206,12.3134467120181,"IC_13"
20.6331810920474,0.693145,0.000933,2.97316005396558,13.6973015873016,"IC_13"
20.3228819126485,0.693134,0.002551,2.96160476027026,12.1751700680272,"IC_13"
21.6377472750923,0.692881,0.011527,2.66434805812611,12.7799546485261,"IC_13"
21.6512120458261,0.692832,0.012543,2.74843979137839,13.8372789115646,"IC_13"
20.7890343121595,0.668241,0.111127,2.80779771442209,13.755306122449,"IC_13"
20.723807654104,0.670614,0.105744,2.90204057416868,12.9484580498866,"IC_13"
20.7383572379627,0.664059,0.12001,2.88143968398302,13.7688662131519,"IC_13"
20.5502870009263,0.66714,0.113537,2.88492605521824,14.8239229024943,"IC_13"
19.7895645216775,0.640477,0.16084,3.20218562779403,13.5434920634921,"IC_13"
20.4673288337966,0.659138,0.129658,2.81279000760419,14.5624263038549,"IC_13"
20.1742947286478,0.669045,0.109335,2.65129843356083,12.2234693877551,"IC_13"
20.9634758765569,0.692881,0.011529,1.7873518557113,13.7862585034014,"IC_14"
21.6250810669568,0.693105,0.004576,1.97856452374322,12.7189342403628,"IC_14"
20.6242804803543,0.693132,0.002725,1.60308836733847,13.1932879818594,"IC_14"
22.3946397340978,0.69313,0.002937,1.81354295833168,14.8239229024943,"IC_14"
22.263123245497,0.692511,0.017835,1.96103778321432,13.4008163265306,"IC_14"
21.0956360199928,0.69306,0.006583,1.77937935782468,14.9721768707483,"IC_14"
22.8044810807123,0.69062,0.035534,2.98474814713949,11.1851700680272,"KB_04"
23.0375514668192,0.691425,0.029333,3.14153797827402,11.3297959183673,"KB_04"
21.5324023631289,0.669162,0.10907,3.14210565124522,12.3904535147392,"KB_04"
22.5795398755317,0.676593,0.090728,3.35439101753214,10.7512471655329,"KB_04"
22.38373128463,0.679432,0.08262,3.61720695577013,11.1369614512472,"KB_04"
21.6822323129786,0.693096,0.005062,3.66443472130301,10.8807709750567,"MB_01"
22.6126019804828,0.693123,0.003486,3.68382383464545,10.8511337868481,"MB_01"
21.0021658249097,0.69182,0.02575,3.03900996920792,11.2661904761905,"MB_01"
21.5812098512516,0.692576,0.016903,3.17468618874683,11.7702040816327,"MB_01"
22.0531742893265,0.692536,0.017473,3.81690642833943,10.6435827664399,"MB_01"
22.155679946877,0.689717,0.041388,3.87209089236724,10.1692290249433,"MB_01"
22.1405903688081,0.692976,0.009247,3.86555542602645,12.0963265306122,"MB_01"
23.4228411920045,0.684972,0.063846,4.55681745323767,12.0047619047619,"MB_01"
23.3546891386277,0.692782,0.013519,3.25361725217076,12.2940362811791,"MB_01"
24.0184730595073,0.690823,0.034077,4.01273825762664,11.7636961451247,"MB_01"
23.1841500798539,0.691175,0.031392,3.89936120550783,11.9565532879819,"MB_01"
24.0110459156349,0.687907,0.051144,4.57535191907547,12.8725850340136,"MB_01"
22.8802516227382,0.686443,0.057832,4.50811417366653,11.9565532879819,"MB_01"
23.7743618002734,0.687679,0.052243,4.45258023267748,13.0654195011338,"MB_01"
22.453110781957,0.684893,0.064152,3.99854564718427,12.3904535147392,"MB_01"
23.5164587464733,0.688135,0.050021,4.61227982371785,12.0047845804989,"MB_01"
23.0362363424281,0.685527,0.061648,4.43116937364992,12.2458276643991,"MB_01"
24.0331509239581,0.674382,0.096561,4.98739709585708,12.4386621315193,"MB_01"
24.6173291504383,0.681849,0.075018,5.24600250732079,11.9659410430839,"MB_01"
23.4299336384979,0.687075,0.055045,4.95554232766803,12.3750113378685,"MB_01"
24.2597931403657,0.692409,0.019204,5.22356843198676,10.8068253968254,"MB_01"
24.7320281843957,0.688733,0.046946,5.25862764342692,11.0113832199546,"MB_01"
24.5590290392023,0.686698,0.056722,4.97348902584184,12.1022902494331,"MB_01"
25.2526520202928,0.67819,0.086261,4.37241320641162,11.7273015873016,"MB_01"
24.6375152726803,0.6724,0.101498,5.16839336219956,11.7954648526077,"MB_01"
24.9683321142835,0.674299,0.09677,5.22427642420575,11.8977551020408,"MB_01"
21.2911083927433,0.692138,0.022455,3.98056284943923,13.4993197278912,"MB_01"
20.9397072373041,0.690117,0.038903,3.91333628957672,13.0172108843537,"MB_01"
22.0479732539714,0.690595,0.035704,4.48162654409684,11.7636961451247,"MB_01"
24.1435100275381,0.690839,0.033959,4.3750786739774,12.9690022675737,"MB_01"
24.0718321230677,0.691196,0.031225,4.7921583500361,12.7761451247166,"MB_01"
23.2472791378507,0.691313,0.03027,4.39920182133674,11.9565532879819,"MB_01"
22.1539284091552,0.692002,0.023926,4.86724459804534,12.149410430839,"MB_01"
24.314221098621,0.69251,0.017853,4.62105772569951,12.4386621315193,"MB_01"
22.889534833027,0.688728,0.04697,4.85111561913324,13.7885941043084,"MB_01"
21.409766157176,0.68809,0.050244,4.81196879605062,12.0047619047619,"MB_01"
21.2114820997,0.691525,0.028468,4.63598770855305,11.5708616780045,"MB_01"
20.968798492344,0.69226,0.02106,4.37305758195874,12.4868934240363,"MB_01"
22.2564697330041,0.692808,0.013029,4.27887579509646,12.0047619047619,"MB_01"
21.8416222998546,0.693135,0.002484,3.86365906205013,13.2100680272109,"MB_01"
21.4841991485236,0.692544,0.017371,4.32160889457591,12.8725850340136,"MB_01"
21.736297351076,0.691406,0.029497,3.22670889430009,14.9659410430839,"MB_05"
23.7864718595643,0.693019,0.008002,3.67533535161203,13.7727437641723,"MB_05"
22.6580744461165,0.692131,0.022537,3.53525804988372,14.8977551020408,"MB_05"
35.8350015243762,0.674528,0.096185,3.20096026589913,15.4091156462585,"MB_05"
36.3356740419211,0.685189,0.062996,3.21269167019825,15.6136507936508,"MB_05"
21.5335785770924,0.689541,0.042435,3.22919631446987,14.8977324263039,"MB_05"
39.224161258409,0.674086,0.097314,3.23605031260866,15,"MB_05"
22.423717196309,0.665221,0.117613,3.72867279526834,14.4545578231293,"MB_05"
21.8086262258509,0.668698,0.110113,3.54587137680137,14.2159183673469,"MB_05"
23.7450361313423,0.673298,0.099292,3.1950060319421,14.4545578231293,"MB_05"
22.7319631375149,0.662893,0.122368,3.40767267276249,14.9659183673469,"MB_05"
23.0982957048756,0.693128,0.003099,4.0578684223064,10.6789342403628,"MB_06"
39.0931484076598,0.693045,0.007156,4.26648070124136,15.6136507936508,"MB_06"
24.709838155214,0.690298,0.037724,4.81049893003486,14.31820861678,"MB_06"
10.3461199749551,0.6913,0.030382,4.11824451358222,9.44321995464853,"MB_06"
41.327305974874,0.689498,0.042689,4.30936970457999,15.2727437641723,"MB_06"
36.3887512351042,0.692532,0.017538,3.92722708423578,15.6477551020408,"MB_06"
35.5587779078715,0.692909,0.01091,3.56169914532516,15.2045578231293,"MB_06"
23.0344570998182,0.692152,0.0223,3.42494932119619,13.2613832199546,"MB_06"
22.7114213949448,0.678181,0.08629,2.92410630865631,12.2045804988662,"MB_06"
27.0300750415105,0.689364,0.043462,4.23820991042409,12.2727437641723,"MB_06"
25.7870983048373,0.692455,0.0186,3.91248812101955,14.5227437641723,"MB_06"
25.3349666904687,0.691322,0.030199,3.94458063403191,13.2273015873016,"MB_06"
24.6022981620881,0.689623,0.041954,3.82403433203596,13.53410430839,"MB_06"
19.9793191528762,0.688993,0.045544,2.48987057126214,12.824375,"MB_07"
19.5602110708698,0.675674,0.093197,2.49859978867508,12.8725833333333,"MB_07"
20.1536466432955,0.689666,0.041696,2.57473231669631,12.8725625,"MB_07"
19.9004057252645,0.684686,0.064952,2.24583607595299,12.5350833333333,"MB_07"
18.410047543742,0.662541,0.12307,2.02081280890236,13.8368125,"MB_1A"
19.4544855927816,0.646485,0.151546,2.74979649048045,12.2458333333333,"MB_1A"
19.7081360582369,0.653903,0.139156,2.33333392448639,12.8243541666667,"MB_1A"
19.0078075959306,0.653651,0.139595,2.21067927078413,13.2100625,"MB_1A"
19.1708937144167,0.660439,0.127182,2.54531037183843,14.3671458333333,"MB_1A"
30.9587229783895,0.655572,0.136203,2.3788042427782,15.4760208333333,"MB_1A"
23.4553969760679,0.655752,0.13588,2.8369878565323,12.8725625,"MB_3A"
23.8920073307371,0.671948,0.102588,2.0983207288128,12.34225,"MB_3A"
23.2714189519258,0.674553,0.096122,2.41888632831701,12.0047708333333,"MB_3A"
23.4004672256683,0.64659,0.151377,2.7920858073476,12.1976041666667,"MB_3A"
22.3554464427043,0.637368,0.16543,2.57543699066202,13.0172291666667,"MB_3A"
23.3005471880816,0.657206,0.133246,2.73780747887216,13.4511041666667,"MB_3A"
23.0101894733977,0.648233,0.148724,2.45959047505902,14.4153541666667,"MB_3A"
24.5195954330726,0.67382,0.097986,3.1450165887936,12.197625,"MB_3A"
23.6959768614659,0.662354,0.123442,2.89429718635806,13.8368125,"MB_3A"
20.1263480163326,0.619352,0.189685,2.61294968441178,14.1260833333333,"MB_5A"
18.4014891022714,0.620949,0.187674,2.78264061434219,14.993875,"MB_5A"
32.1115365360814,0.608426,0.202855,2.92592166403709,15.1385208333333,"MB_5A"
18.3613685912346,0.599899,0.212499,2.62734974149006,14.3189375,"MB_5A"
29.3533002132468,0.653375,0.140074,2.187202495238,15.6688541666667,"MB_5A"
18.8593473858697,0.662302,0.123545,2.36924642606974,14.8974791666667,"MB_5A"
22.2314398260828,0.689581,0.042199,4.47438121058896,14.6706802721088,"SAFA_02"
21.1927653566482,0.687275,0.054132,4.31730321491893,14.2946712018141,"SAFA_02"
20.5359564209199,0.671497,0.103667,3.84357523010552,14.6756916099773,"SAFA_02"
21.6221930721679,0.685779,0.060622,2.7151574568029,13.9847845804989,"SAFA_02"
21.8425565768593,0.682208,0.073821,4.13726106881359,14.35410430839,"SAFA_02"
38.3403137021133,0.686272,0.058562,3.34477356492922,15.2979138321995,"SAFA_02"
22.0445945493438,0.689596,0.042115,3.94450844618322,12.4879818594104,"SAFA_02"
22.8523092468534,0.688217,0.049607,3.292655992743,14.6708390022676,"SAFA_02"
24.1564665172403,0.692889,0.011354,4.24331837192195,13.8041496598639,"SAFA_02"
21.5538046222471,0.690171,0.038558,3.63114129855022,13.9710204081633,"SAFA_02"
19.261945739282,0.673888,0.097813,3.59739891353737,12.9731746031746,"SAFA_02"
19.9286519963166,0.673872,0.097854,3.62092581870762,12.4509297052154,"SAFA_02"
21.1613508551488,0.680182,0.080341,3.92289376408111,12.6651020408163,"SAFA_02"
21.9338861432025,0.676046,0.092204,3.41227446368059,13.3848072562358,"SAFA_02"
21.4712758700746,0.682642,0.072349,3.82130290413372,12.9857596371882,"SAFA_02"
20.6609673333228,0.652849,0.140985,2.92076764911538,12.7494557823129,"SAFA_02"
21.6461460022433,0.661806,0.124524,3.164248809096,12.1289569160998,"SAFA_02"
21.003205733852,0.621088,0.187498,2.60803359332464,13.8909297052154,"SAFA_02"
24.2370735015083,0.665966,0.116048,3.26361150372,10.2878231292517,"SAFA_04"
24.1897571504527,0.686535,0.057436,3.29172828073976,11.0882993197279,"SAFA_04"
22.900654201726,0.686888,0.055884,3.37816707832147,11.1948979591837,"SAFA_04"
21.9831009883645,0.666267,0.11541,3.61183440174195,11.0062131519274,"SAFA_04"
24.3628845543172,0.682551,0.072659,3.33934332355784,11.6141723356009,"SAFA_04"
24.0771838257072,0.659116,0.129698,3.18534065799128,10.9642857142857,"SAFA_04"
24.3661674753748,0.659282,0.129386,4.23184239718683,11.5512925170068,"SAFA_04"
24.0475185406769,0.66802,0.111615,4.01441640451552,12.6204535147392,"SAFA_04"
9.53450213493895,0.691757,0.026355,3.77732534488322,9.91607709750567,"SAFA_04"
10.8142257672663,0.692418,0.019094,4.83902388210197,9.11943310657596,"SAFA_04"
27.8439992174506,0.689365,0.04346,4.72732155301207,10.4192063492064,"SAFA_04"
25.7842199426885,0.68843,0.048529,4.41538879015605,11.446462585034,"SAFA_04"
25.6644938815049,0.687722,0.052035,3.77972196784894,10.1466893424036,"SAFA_04"
20.0977594807504,0.688827,0.046441,3.73892745893802,13.4785260770975,"SAFA_05"
20.8911207553814,0.683328,0.069954,3.70862636836953,14.6460544217687,"SAFA_05"
20.3873016706614,0.67552,0.093603,3.69890861813521,13.6924943310658,"SAFA_05"
21.4477326237164,0.673854,0.0979,3.7636393426291,13.4030158730159,"SAFA_05"
35.0181137248612,0.675056,0.09482,3.68328581418977,15.2702040816327,"SAFA_05"
35.0747325128011,0.691459,0.029047,3.4248135323313,15.3175963718821,"SAFA_05"
34.4764619265708,0.676098,0.092064,3.29277891426653,16.2932199546485,"SAFA_05"
36.6818275200359,0.681131,0.077356,4.04348847455117,15.1027210884354,"SAFA_05"
36.3259482662806,0.678564,0.085183,3.45852072626598,15.2333560090703,"SAFA_05"
20.7274734351808,0.683539,0.069201,3.74787125561602,13.8689115646259,"SAFA_05"
35.9957494716673,0.672129,0.102152,3.5826068511065,15.0474149659864,"SAFA_05"
33.0921299236857,0.664802,0.118482,3.09234013401045,15.7695011337868,"SAFA_05"
46.9272733276236,0.650517,0.144949,2.34874326508946,20.5707482993197,"SAFA_06"
33.8244493705234,0.684589,0.065321,2.42599647268605,18.6239002267574,"SAFA_06"
36.0114359286884,0.669954,0.10727,2.35465808128949,19.902925170068,"SAFA_06"
36.7590522418876,0.666735,0.114409,2.17446180513366,19.0404535147392,"SAFA_06"
53.7437977204359,0.665524,0.116978,2.80079929441647,20.0356009070295,"SAFA_06"
37.8915626269198,0.659643,0.128701,2.80819511555908,19.5048526077098,"SAFA_06"
49.4178459151023,0.667304,0.11318,2.30621221585892,20.2346258503401,"SAFA_06"
34.262323909615,0.666494,0.114925,2.17515165056565,19.9360997732426,"SAFA_06"
47.126722308117,0.650056,0.14572,2.20254742945587,20.9312471655329,"SAFA_06"
36.1986347884773,0.653056,0.140628,2.59879998981934,19.737052154195,"SAFA_06"
48.3301875445913,0.680613,0.078998,2.24351108116766,20.1682766439909,"SAFA_06"
34.2830681101451,0.672836,0.100432,2.08865170937684,19.9692517006803,"SAFA_06"
33.6793312340863,0.666973,0.113897,2.40471249673589,18.7087301587302,"SAFA_06"
38.570232837591,0.629264,0.176791,2.87559619607104,17.2542857142857,"SAFA_08"
36.3423515838446,0.613993,0.196269,3.10006884494942,17.1660997732426,"SAFA_08"
33.6780124374741,0.625037,0.182413,2.94750707731408,17.8183446712018,"SAFA_08"
34.0888899688885,0.594278,0.218592,3.09440493479699,17.3143537414966,"SAFA_08"
33.6532056836368,0.528329,0.278874,3.09207137624225,16.4549659863946,"SAFA_08"
32.4097629490962,0.588486,0.224673,3.03003803623046,15.354716553288,"SAFA_08"
34.6232806817863,0.588042,0.22513,3.10018871027457,17.4036961451247,"SAFA_08"
33.3979638420126,0.502548,0.298447,3.4277320843105,15.8804535147392,"SAFA_08"
32.2108900103559,0.559878,0.252225,3.24604879809715,16.8696598639456,"SAFA_08"
35.2016762569183,0.605091,0.206687,3.27825636802511,16.0011337868481,"SAFA_08"
22.2277442260786,0.576569,0.236614,3.46646231570666,13.1885487528345,"SAFA_08"
21.445395555476,0.602158,0.209993,3.39944613227326,14.5046031746032,"SAFA_08"
36.2191624048571,0.615339,0.194638,3.33987829793764,15.8912471655329,"SAFA_08"
33.8312353192681,0.544914,0.265283,3.17026714304976,15.7198866213152,"SAFA_08"
34.0215482938906,0.56728,0.245449,3.03330108119826,16.6502721088435,"SAFA_08"
32.0646069031314,0.562265,0.250064,3.18499852857599,15.9681179138322,"SAFA_08"
19.5221673285866,0.507642,0.294715,3.15581869848267,14.1813378684807,"SAFA_08"
32.8804915329096,0.683945,0.067727,2.87693548760622,18.5891836734694,"SAFB100_01"
31.3174297688225,0.628242,0.178169,3.0679420631569,17.8183673469388,"SAFB100_01"
34.5435619718808,0.671584,0.103459,3.44941047933881,15.5354648526077,"SAFB100_01"
32.6879028123419,0.595879,0.216877,3.64748360585032,18.8856689342404,"SAFB100_01"
35.7956328032662,0.68171,0.075477,3.15288891599314,17.1068027210884,"SAFB100_01"
35.0567189604228,0.689283,0.043925,3.14121703613518,17.7590476190476,"SAFB100_01"
37.3799351149785,0.69114,0.031668,3.12852610897421,17.4625623582766,"SAFB100_01"
33.6835768787438,0.678371,0.085742,2.57185227671341,18.4409523809524,"SAFB100_01"
33.4147936475334,0.670764,0.105395,2.91961844686596,17.1068027210884,"SAFB100_01"
34.2904010236539,0.67859,0.085108,2.99258090565052,18.5298866213152,"SAFB100_01"
35.1966966832774,0.680817,0.078356,3.0640882101347,18.6484807256236,"SAFB100_01"
33.1918769051291,0.674546,0.096138,2.54132719177482,16.0987755102041,"SAFB100_01"
35.2816149229438,0.673349,0.099165,2.76674828842574,16.6620861678005,"SAFB100_01"
35.4188368550507,0.682932,0.071345,2.75919092621659,16.5434920634921,"SAFB100_01"
33.6013321410652,0.668898,0.109664,2.72994042545832,18.4113151927438,"SAFB100_01"
35.7863019411418,0.636815,0.166233,3.39880498598327,16.6324263038549,"SAFB100_01"
34.3780511614959,0.690091,0.03907,2.63173395515644,17.0178684807256,"SAFB100_02"
22.8757642785896,0.692592,0.016661,2.77401112437393,14.0234467120181,"SAFB100_02"
37.4769916498551,0.692545,0.017347,2.73838381550464,15.4465306122449,"SAFB100_02"
36.6991045702681,0.691918,0.02479,2.81973514488553,15.2093424036281,"SAFB100_02"
34.7169742106315,0.692679,0.015306,2.36661410039392,17.1364399092971,"SAFB100_02"
22.5005748826097,0.688225,0.049567,2.40809585192322,14.6756916099773,"SAFB100_02"
22.4186969700645,0.690036,0.039418,2.47814162485094,14.9425170068027,"SAFB100_02"
22.0834289970577,0.69213,0.022552,2.7222932004049,12.9857596371882,"SAFB100_03"
23.895498851415,0.693036,0.00745,2.82668241701603,12.5114058956916,"SAFB100_03"
23.4946491559153,0.693093,0.005191,1.94468063058996,10.9697278911565,"SAFB100_03"
23.9678224475232,0.69226,0.021055,3.18651391425719,12.926462585034,"SAFB100_03"
23.0476086808357,0.691948,0.024483,2.38360680175272,12.7189115646259,"SAFB100_03"
22.0675502581232,0.692458,0.018561,2.79913396430858,12.3631746031746,"SAFB100_03"
22.1978208298242,0.693119,0.003732,2.37324418108876,14.2013151927438,"SAFB100_03"
20.8709393374703,0.692964,0.009567,2.2557997858636,13.4304761904762,"SAFB100_03"
43.3132647075654,0.692598,0.016566,2.5233931537358,21.4497505668934,"SAFB100_04"
31.9036071300341,0.691887,0.025095,2.99316508942581,17.3235600907029,"SAFB100_04"
44.5664739217754,0.690698,0.034983,2.90220707937269,20.907029478458,"SAFB100_04"
44.5933027065398,0.690386,0.037141,3.31478390536545,20.8036734693878,"SAFB100_04"
45.5164844647776,0.69147,0.028951,3.04077705761791,22.0441496598639,"SAFB100_04"
44.1414321214064,0.690781,0.034383,3.0454932394469,23.0778458049887,"SAFB100_04"
43.541970539386,0.683554,0.069146,2.58761034649555,22.0182766439909,"SAFB100_04"
43.3794093224977,0.686737,0.056554,3.01067939499094,22.5506349206349,"SAFB100_04"
44.4822389694176,0.668313,0.110969,3.22336128537011,20.2351247165533,"SAFB100_04"
31.597345206894,0.685478,0.061846,2.98701100837248,18.8395918367347,"SAFB100_04"
32.2989439154576,0.69226,0.021057,2.83347849388056,19.2014058956916,"SAFB100_04"
45.505093322637,0.690075,0.039174,2.9949552965529,23.4396598639456,"SAFB100_04"
22.6845004581461,0.687417,0.053476,2.84008863274381,14.4681405895692,"SAFBA_01"
23.7698452961694,0.668533,0.110479,3.60255806853123,13.4601360544218,"SAFBA_01"
23.2879902003293,0.672638,0.100918,3.23537702463319,13.7269614512472,"SAFBA_01"
22.548040417295,0.671815,0.102907,3.07777457036378,12.926462585034,"SAFBA_01"
23.8096509394487,0.675095,0.094719,3.19618385849914,13.2525850340136,"SAFBA_01"
21.2725912113642,0.688915,0.045967,2.67531569757236,13.4304761904762,"SAFBA_01"
21.7936026371999,0.689805,0.040855,2.76050256965425,14.2013151927438,"SAFBA_01"
21.8712835942136,0.677642,0.08782,2.67910300441339,13.4304761904762,"SAFBA_01"
23.138265436814,0.682982,0.071173,2.61899631321836,12.778231292517,"SAFBA_01"
23.1332458508989,0.675857,0.09271,3.15968805720018,13.371179138322,"SAFBA_01"
22.8428180724669,0.673076,0.099841,3.06278793902539,13.1636507936508,"SAFBA_01"
23.5077659166636,0.678527,0.085291,3.34009543000789,12.333514739229,"SAFBA_01"
24.9355423893427,0.688153,0.04993,2.87213088722712,12.926462585034,"SAFBA_01"
24.1915913347538,0.687174,0.054594,2.75596083379811,12.3927891156463,"SAFBA_01"
23.5595106573844,0.692532,0.01754,2.7993981878021,12.037052154195,"SAFBA_01"
22.7291431119843,0.692062,0.023285,2.77456696347321,12.2742176870748,"SAFBA_01"
23.7818908267048,0.677722,0.087595,3.19277433017516,10.7028798185941,"SAFBA_01"
22.6786634010627,0.68284,0.071666,2.92366420645416,11.740566893424,"SAFBA_01"
24.8851403561046,0.67801,0.086778,2.80746325803167,12.3631519274376,"SAFBA_01"
23.5678669208898,0.687923,0.051065,2.68543816245135,11.2068934240363,"SAFBA_01"
23.2981481998585,0.673969,0.097609,2.40504307178991,11.6219727891156,"SAFBA_01"
23.8798620621715,0.684261,0.066557,2.92399901091715,11.7109070294785,"SAFBA_01"
23.4316582853052,0.686569,0.057288,2.46452740846939,13.4601360544218,"SAFBA_01"
24.305232710311,0.648169,0.148827,3.18557095190335,12.3631519274376,"SAFBA_01"
21.0600065488896,0.689642,0.04184,2.04616859700841,10.1383900226757,"SAFBA_01"
10.0018058892919,0.677281,0.088831,2.5567294332124,9.88424036281179,"SAFBA_01"
23.6145117842531,0.670972,0.104906,2.64583122851714,10.4772789115646,"SAFBA_01"
23.9689461269614,0.644776,0.15425,2.79140696897516,10.0819047619048,"SAFBA_01"
22.6941910641789,0.691153,0.031567,2.15756124534632,10.2231065759637,"SAFBA_01"
21.9853810153628,0.671975,0.102523,2.3993096016762,10.7596825396825,"SAFBA_01"
21.8255123227354,0.683749,0.068443,2.55684219927118,11.2962585034014,"SAFBA_01"
21.1754377843177,0.690765,0.034498,2.21306378257683,10.2513605442177,"SAFBA_01"
22.3006234344601,0.687671,0.052278,2.41205080500453,10.5620181405896,"SAFBA_01"
21.5301599148299,0.685031,0.063619,2.26239491130057,10.9856009070295,"SAFBA_01"
21.0663395344669,0.678573,0.085157,2.43554910159122,10.5902494331066,"SAFBA_01"
22.601252602638,0.689697,0.041509,2.31275228142247,10.1101587301587,"SAFBA_01"
22.9165989238994,0.674977,0.095026,2.75114413829845,11.0985714285714,"SAFBA_01"
21.2699831726079,0.687883,0.051259,2.09144014124046,10.4772789115646,"SAFBA_01"
24.3955280938013,0.692189,0.021889,2.46181305797514,13.9048526077098,"SAFBA_01"
23.4044517285586,0.69256,0.01713,2.53820205746969,13.0450566893424,"SAFBA_01"
23.3857816490584,0.692713,0.01474,2.42218970706825,12.037029478458,"SAFBA_01"
25.1836836904812,0.691656,0.027302,2.57813963699774,12.0073922902494,"SAFBA_01"
24.240066180363,0.691693,0.026959,2.73945969663697,13.074716553288,"SAFBA_01"
24.1912370384344,0.692315,0.020394,2.45471486086091,13.8751927437642,"SAFBA_01"
24.022882952918,0.687897,0.051191,2.89732912988478,12.778231292517,"SAFBA_01"
23.1267447920276,0.692349,0.019975,2.50821815997803,13.6083673469388,"SAFBA_01"
21.9638715602817,0.69301,0.008268,2.2004896111872,12.63,"SAFBA_01"
25.3648204419374,0.613806,0.196494,3.03122582309539,12.1259863945578,"SAFBB_01"
23.1971953734849,0.686198,0.058879,3.06089998074339,12.9857596371882,"SAFBB_01"
23.5696773013845,0.671907,0.102687,3.73750394173567,11.7702040816327,"SAFBB_01"
24.8263563464106,0.67925,0.083166,3.25283911162508,11.8295011337868,"SAFBB_01"
25.9200998558308,0.661223,0.125664,3.49898849068293,13.5490702947846,"SAFBB_01"
23.6618907339106,0.644168,0.1552,3.64179638034822,11.8295011337868,"SAFBB_01"
23.3384016603838,0.677404,0.088488,3.40690886719903,12.1556235827664,"SAFBB_01"
23.5812045051878,0.690961,0.033049,2.87102476092058,11.1772562358277,"SAFBB_01"
24.7138336190712,0.688394,0.048711,3.63139537696527,13.3118820861678,"SAFBC_01"
25.6288234209416,0.690579,0.035817,3.72835271938052,13.7862358276644,"SAFBC_01"
24.686994169452,0.685221,0.062869,3.62475484198651,14.6163945578231,"SAFBC_01"
21.7649971686658,0.693141,0.00176,2.55340431294564,12.2445578231293,"SAFBD_01"
21.3741649232029,0.693147,8e-06,2.65715414804452,11.9777324263039,"SAFBD_01"
23.0332509445015,0.692808,0.013025,2.78794989263141,12.6003401360544,"SAFBD_01"
22.4687947037823,0.693137,0.002266,2.9155464009625,12.3927891156463,"SAFBD_01"
24.104474552094,0.692204,0.021714,2.99740417083366,12.4224489795918,"SAFBD_01"
24.5369137503038,0.693087,0.005503,2.94007486619483,11.740566893424,"SAFBD_01"
21.8145310501367,0.693145,0.001035,2.42055284246106,11.9777551020408,"SAFBD_01"
21.9893738430923,0.693065,0.006398,2.74459526162579,11.6219501133787,"SAFBD_01"
21.9513181908381,0.693126,0.003238,2.59488307717489,10.9104308390023,"SAFBD_01"
22.6220610580048,0.693123,0.003501,2.82397326719675,12.6596371882086,"SAFBD_01"
21.2080257076832,0.693146,0.000783,2.25071111949627,11.3254875283447,"SAFBD_01"
23.0869633795697,0.692793,0.013314,2.62309892698144,12.3928117913832,"SAFBD_01"
22.5447942257697,0.693141,0.001762,2.55059700993278,11.1179365079365,"SAFBD_01"
23.2354559318989,0.692976,0.009262,2.89379199205804,11.8295011337868,"SAFBD_01"
9.21848589548082,0.69125,0.030785,3.43120383111383,8.0049433106576,"SAFBD_01"
22.1614404874141,0.693048,0.007037,3.26648797490904,12.037029478458,"SAFBD_01"
23.0737727461679,0.691876,0.025203,3.57054289329334,12.0666893424036,"SAFBD_01"
25.8544941088642,0.686959,0.055566,4.16738522544475,10.8807709750567,"SAFBD_01"
23.7889885562527,0.692936,0.010283,3.62869773597253,12.037029478458,"SAFBD_01"
23.6999362778757,0.692758,0.013957,3.51795788657193,11.8591383219955,"SAFBD_01"
24.7862344519776,0.684417,0.065973,3.90222081509128,11.2365306122449,"SAFBD_01"
24.3894812372798,0.688712,0.047054,3.41675788555543,12.926462585034,"SAFBD_01"
22.9002920870552,0.692824,0.012721,4.44141631936815,14.7650566893424,"SAFBN_01"
23.4148209696795,0.688151,0.049939,5.19116421639641,12.7780498866213,"SAFBN_01"
23.9949207489497,0.692063,0.023281,4.77583248763002,12.1850340136054,"SAFBN_01"
25.2262022723635,0.689243,0.044156,5.10547898126516,13.1340589569161,"SAFBN_01"
26.054801917949,0.691515,0.028561,5.36234716386797,13.1340589569161,"SAFBN_01"
24.3726358122794,0.693043,0.007225,4.67853843226655,12.927029478458,"SAFBN_01"
25.2135015606986,0.690117,0.038907,4.96560365071114,12.5110430839002,"SAFBN_01"
22.0544860388723,0.692056,0.023354,3.9679901583378,13.1930612244898,"SAFBN_01"
22.1742174835206,0.690661,0.035241,3.66802811289102,13.2520634920635,"SAFBN_01"
24.7703615274342,0.69187,0.025269,4.55170264048766,13.6080272108844,"SAFBN_01"
24.2246115334241,0.690774,0.034437,4.48280854993051,14.4390476190476,"SAFBN_01"
21.875645161633,0.689292,0.043876,3.90349129991793,13.4310430839002,"SAFBN_01"
26.910304477528,0.692426,0.018987,5.05976436173635,14.2897505668934,"SAFBN_01"
24.5887609040865,0.691954,0.024419,3.98052373383643,14.1202947845805,"SAFBN_01"
22.2026066975659,0.689832,0.040688,3.27442459499384,14.1485487528345,"SAFBN_01"
21.9467880336766,0.685285,0.062615,3.6707234322272,13.4707709750567,"SAFBN_01"
22.3536833045166,0.687398,0.053564,2.54978639981489,13.5837414965986,"SAFBN_01"
20.9273464068981,0.675859,0.092704,3.24359075503792,14.4874376417234,"SAFBN_01"
21.3846725502041,0.689555,0.042353,2.99289558805973,14.5721541950113,"SAFBN_01"
36.8177287502679,0.68357,0.069091,3.25970393497834,15.0804761904762,"SAFBN_01"
22.0319637091407,0.681802,0.075174,3.32420889711762,13.7531972789116,"SAFBN_01"
21.5225195182161,0.682643,0.072345,2.98799472589044,14.0827210884354,"SAFBN_01"
23.910875052553,0.687416,0.053481,3.65327691209343,13.4304761904762,"SAFBN_01"
22.4472742718113,0.688132,0.050035,3.57941604488807,14.6756916099773,"SAFBN_01"
23.2598635355417,0.685242,0.062786,3.79197889902304,14.112358276644,"SAFBN_01"
22.7392038856287,0.686203,0.058857,3.72183869706098,14.260612244898,"SAFBN_01"
23.4108905782376,0.690665,0.035215,4.10055155968188,13.4304988662132,"SAFBN_01"
23.6629609984586,0.69135,0.029967,4.04350901962011,14.8832199546485,"SAFBN_01"
20.4457806341452,0.688582,0.047741,3.72424674513132,13.81589569161,"SAFBN_01"
24.5037900588878,0.692715,0.014705,4.4013795149254,14.2309523809524,"SAFBN_01"
22.6127090037342,0.687194,0.054502,2.86678853197365,14.7349886621315,"SAFBN_01"
21.8125530055415,0.682566,0.072606,3.40214358146597,14.6163945578231,"SAFBN_01"
22.3866350283481,0.682496,0.072845,3.37264958987285,13.9937868480726,"SAFBN_01"
22.7627571190252,0.679183,0.083365,3.65002698890304,14.5867346938776,"SAFBN_01"
22.9866188665002,0.673141,0.099679,3.3555742533891,13.5490702947846,"SAFBN_01"
22.5544776122563,0.674196,0.097035,3.1147733293112,14.1420181405896,"SAFBN_01"
22.5648461811885,0.667686,0.112348,3.18291610885101,13.9641496598639,"SAFBN_01"
22.2434660506253,0.67387,0.097859,3.11393970176565,14.112380952381,"SAFBN_01"
22.0398329368132,0.682304,0.073499,3.61032571397515,13.9641496598639,"SAFBN_01"
22.0108559086978,0.671829,0.102875,3.21857949684285,14.3792063492063,"SAFBN_01"
21.8937513672793,0.660182,0.127675,3.28878077555507,14.5274376417234,"SAFBN_01"
22.5911799267414,0.68494,0.063972,2.82105422083774,10.3767800453515,"SAFBN_01"
22.0964560716964,0.692751,0.014078,2.67620572058809,12.3928117913832,"SAFBN_01"
22.2797957166074,0.679617,0.082065,2.83292602769219,14.2309523809524,"SAFBN_01"
22.9470480762082,0.678547,0.085231,2.50893279929397,11.9480952380952,"SAFBN_01"
21.7770923895856,0.656723,0.134126,2.34385291315974,12.481746031746,"SAFBN_01"
31.1172231349815,0.686349,0.058236,2.48737193736056,15.3872335600907,"SAFBN_02"
31.4780372164844,0.692106,0.022813,2.16748109402032,15.2093424036281,"SAFBN_02"
19.6437218270356,0.668706,0.110094,2.73914122313339,14.7349659863946,"SAFBN_02"
19.5246755617496,0.688696,0.047139,1.79165486603511,14.8535827664399,"SAFBN_02"
34.1454453114657,0.691598,0.027824,2.47854495484847,15.3872335600907,"SAFBN_02"
21.3889116724877,0.68886,0.046267,2.53172880688887,14.1716553287982,"SAFBN_02"
32.0142206350203,0.692267,0.020971,2.08429658122266,15.0314739229025,"SAFBN_02"
20.7234099095396,0.691522,0.028502,2.29165143512864,13.1043537414966,"SAFBN_02"
20.9403099269169,0.690446,0.036736,2.17491839282906,13.1932879818594,"SAFBN_02"
21.0085111978465,0.681842,0.075041,2.36848127344495,11.7405442176871,"SAFBN_02"
22.2962278473126,0.680825,0.078331,2.54787128110105,11.9480952380952,"SAFBN_02"
22.327295471307,0.684971,0.063851,2.94710928667892,13.1043537414966,"SAFBN_02"
22.3477188694588,0.675107,0.094688,2.71673009601961,12.3927891156463,"SAFBN_02"
22.5510337414498,0.688283,0.049274,2.81825332356215,12.7485714285714,"SAFBN_02"
22.0744778164674,0.689175,0.044537,2.39725565000981,13.0154195011338,"SAFBN_02"
21.2027412136833,0.692631,0.016058,1.72125497709724,10.6732426303855,"SAFBN_03"
20.938999883596,0.631203,0.174147,1.96012374324717,11.2068934240363,"SAFBN_03"
20.6615543944257,0.692611,0.016365,1.67093440593885,10.9400680272109,"SAFBN_03"
20.6004330231803,0.692623,0.01619,1.3480009100166,11.7702040816327,"SAFBN_03"
20.4197827257636,0.688048,0.05045,1.98997925803784,10.5843083900227,"SAFBN_03"
19.9271854327417,0.67841,0.085629,2.08429715015968,11.888798185941,"SAFBN_03"
21.0923978396546,0.68549,0.061795,2.11778246635051,11.3551473922902,"SAFBN_03"
20.3333369448798,0.678212,0.0862,2.04105863316033,11.2958503401361,"SAFBN_03"
21.6535428782177,0.678524,0.085299,3.41629611716787,11.8295011337868,"SAFBN_04"
22.8457746206242,0.671417,0.103857,3.79550968151694,11.4737414965986,"SAFBN_04"
23.2787737058196,0.671052,0.104719,3.5408994167893,13.3089795918367,"SAFBN_04"
25.4699363600591,0.650923,0.144267,5.4622815373585,13.2822448979592,"SAFBN_04"
24.8473302318941,0.650643,0.144739,5.51021450878195,12.778231292517,"SAFBN_04"
23.5870204872761,0.653179,0.140415,4.67020129455691,13.3415419501134,"SAFBN_04"
24.3074237396573,0.664715,0.118664,4.9365498703854,12.778231292517,"SAFBN_04"
25.9534042741757,0.656683,0.134198,5.25494071676421,12.3631519274376,"SAFBN_04"
24.7352557118428,0.659649,0.12869,5.35988189898504,12.3381179138322,"SAFBN_04"
24.0018630435781,0.656016,0.135406,4.99303985578205,11.9600680272109,"SAFBN_04"
24.7945340425239,0.685542,0.061587,5.64258303037054,14.0234467120181,"SAFBN_05"
22.7267334324943,0.681183,0.077189,5.47697025066861,13.1636507936508,"SAFBN_05"
24.14673024215,0.685041,0.063579,5.5219004093453,13.519433106576,"SAFBN_05"
24.1817493967575,0.680172,0.080372,5.62348369536988,13.1636507936508,"SAFBN_05"
23.7861320416823,0.68376,0.068402,5.55400416517895,13.0154195011338,"SAFBN_05"
25.6646482296504,0.68485,0.064322,5.87809435840867,12.9857596371882,"SAFBN_05"
25.6654540059884,0.670609,0.105756,5.37856940882784,14.260612244898,"SAFBN_05"
23.6206299578065,0.693147,0.000328,4.74801936531165,12.5113832199546,"SAFBN_05"
25.4519102741525,0.673505,0.098776,5.70032354260102,13.4008390022676,"SAFBN_05"
24.3614950501087,0.692194,0.021823,5.51413242710937,14.0827210884354,"SAFBN_05"
23.4462642096702,0.619064,0.190046,5.68702665845779,13.222947845805,"SAFBN_06"
25.0726891826208,0.611949,0.198715,4.37741928354633,12.629977324263,"SAFBN_06"
22.7118523991885,0.60803,0.203314,5.55364680676567,14.5274376417234,"SAFBN_06"
25.2548285333695,0.61901,0.190114,5.24542838918745,11.7998639455782,"SAFBN_06"
24.6060374650909,0.602863,0.209203,6.11390217397654,11.3254875283447,"SAFBN_06"
22.8814714278644,0.607659,0.203743,5.62065602343423,12.926462585034,"SAFBN_06"
24.1194350918872,0.609855,0.201188,5.52781895248629,12.037052154195,"SAFBN_06"
24.0148019410078,0.582408,0.230854,5.67276278415186,12.6003401360544,"SAFBN_06"
26.0827063624952,0.596152,0.216583,5.69815143802413,12.8968027210884,"SAFBN_06"
22.1837012198035,0.596187,0.216545,5.72325936602112,13.6973015873016,"SAFBN_06"
23.3633687408088,0.610066,0.20094,5.8302664977358,14.0827210884354,"SAFBN_06"
24.4549491767081,0.615153,0.194864,6.11221737038143,13.7565986394558,"SAFBN_06"
21.348938550371,0.69075,0.034607,2.15397569507267,11.9184580498866,"SAFC_01"
22.537099309471,0.693062,0.006517,2.48458728109299,13.5787301587302,"SAFC_01"
22.1570078532878,0.690811,0.034167,2.91412277267348,12.2445804988662,"SAFC_01"
22.2807444546823,0.691475,0.028904,2.25309102756992,13.1636507936508,"SAFC_01"
21.8519358694325,0.693084,0.00563,2.5121533006937,13.4008390022676,"SAFC_01"
33.1346552762238,0.681699,0.075514,2.31680714794723,15.0314512471655,"SAFC_01"
22.4824867743423,0.693109,0.004387,2.49423983638677,13.222947845805,"SAFC_01"
21.0527708238738,0.692244,0.021243,2.13309487378137,14.3792063492063,"SAFC_01"
24.9969239907644,0.692659,0.015626,2.25956239406269,11.6812698412698,"SAFCHIL_01"
10.7176799435964,0.683042,0.070963,2.81454978737048,9.39839002267574,"SAFCHIL_01"
22.819907821588,0.688155,0.049919,2.21982369347809,11.1772335600907,"SAFCHIL_01"
11.7509887094175,0.683709,0.068586,3.21957732946084,9.69487528344671,"SAFCHIL_01"
23.4005720896973,0.685481,0.061831,2.65813034844979,10.5842857142857,"SAFCHIL_01"
10.921784316219,0.690326,0.037538,2.09127145394728,9.84308390022676,"SAFCHIL_01"
25.4184651207103,0.689307,0.043791,2.83646581859489,10.0506349206349,"SAFCHIL_01"
10.8994462711184,0.682182,0.07391,2.44239043465256,9.25013605442177,"SAFCHIL_01"
24.5860333267321,0.689174,0.04454,2.91088251714728,10.2285260770975,"SAFCHIL_01"
24.4724252293419,0.691545,0.028299,2.71860514598664,10.2581632653061,"SAFCHIL_01"
24.8625214266509,0.676167,0.091881,2.93479246801087,10.9104081632653,"SAFCHIL_01"
22.9799325110443,0.692404,0.019272,2.55247882841433,11.0882993197279,"SAFCRIP_01"
21.7948987138974,0.692328,0.020238,2.39082422049279,12.6003401360544,"SAFCRIP_01"
22.5804905936556,0.692339,0.020101,2.73983458535293,11.2068934240363,"SAFCRIP_01"
22.6464932272623,0.689388,0.043326,2.72430673746587,11.4737414965986,"SAFCRIP_01"
23.9906732372637,0.692186,0.021916,2.82105431414923,11.2661904761905,"SAFCRIP_01"
20.6526500221666,0.692658,0.015632,2.22043698922929,12.1556235827664,"SAFCRIP_01"
20.3386801263257,0.691381,0.029709,2.11985310210374,12.0073922902494,"SAFCRIP_01"
21.8506268156927,0.56957,0.243306,2.86552317923436,13.1636507936508,"SAFF_0A"
20.9778934685185,0.547825,0.262805,3.36121155459787,11.9480725623583,"SAFF_0A"
21.8179277687431,0.53742,0.271531,3.42694411884285,12.0963265306122,"SAFF_0A"
20.9798845469264,0.571404,0.241574,3.58707616823903,12.3038775510204,"SAFF_0A"
22.9869654781745,0.5919,0.221112,3.29440111032362,11.6219501133787,"SAFF_0A"
21.3385772395841,0.619557,0.189428,3.08616067334098,11.6219727891156,"SAFF_0A"
21.21048669496,0.599396,0.213052,3.0620420905433,11.2068934240363,"SAFF_0A"
21.4804986157555,0.574089,0.239011,3.51732753642251,13.4601360544218,"SAFF_0A"
22.0266727419681,0.631247,0.174086,2.88795738852515,12.8968253968254,"SAFF_0A"
21.9866355427,0.643869,0.155665,2.81925163870229,11.740566893424,"SAFF_0A"
22.3730211531825,0.620909,0.187725,3.10329944505299,11.6812698412698,"SAFF_0A"
21.337103401922,0.611217,0.199583,3.00261108646901,11.9777324263039,"SAFF_0A"
22.6855570507629,0.611753,0.198948,3.1305220774672,12.2445804988662,"SAFF_0A"
21.6398134676243,0.655877,0.135655,2.75083927565403,12.5410430839002,"SAFF_0A"
23.1778550368456,0.636427,0.166792,3.22383612828523,11.3847845804989,"SAFF_0A"
33.8660548037339,0.685489,0.061799,1.86552881619019,18.9450340136054,"SAFF_0B"
34.0053047949885,0.689353,0.043529,1.73800357132006,19.0930612244898,"SAFF_0B"
32.7017044584614,0.692417,0.019109,2.12208505992181,19.0340589569161,"SAFF_0B"
30.8594539168982,0.68478,0.06459,1.90162269913073,19.6860544217687,"SAFF_0B"
34.3335348066302,0.690203,0.038349,1.85847314613025,18.767052154195,"SAFF_0B"
31.6598335535158,0.42732,0.347326,2.81783565667752,18.4710430839002,"SAFF_0B"
32.0522131299512,0.683271,0.070155,2.3686759146538,19.6268480725624,"SAFF_0B"
47.7893554997332,0.690084,0.039117,1.92424921828888,20.1901814058957,"SAFF_0B"
46.0721111499819,0.546732,0.263739,1.7950962138263,21.1981859410431,"SAFF_0B"
43.3923759747794,0.631805,0.173316,2.39082487502347,21.8800907029478,"SAFF_0B"
43.3343931354189,0.685188,0.063001,2.62844815820376,20.9017233560091,"SAFF_0B"
33.7729115133324,0.683999,0.067529,3.29371679965219,16.3656235827664,"SAFL_01"
33.4533086734192,0.686599,0.057156,3.72376761296913,17.1068027210884,"SAFL_01"
35.4860493713322,0.685372,0.062269,3.85022812158228,17.0771655328798,"SAFL_01"
33.3867256496125,0.679747,0.081671,2.82939900215276,16.8103401360544,"SAFL_01"
35.119867147086,0.67195,0.102583,3.40024605439532,16.9289115646258,"SAFL_01"
32.9193392144074,0.683767,0.068376,2.89105609752669,16.0987755102041,"SAFL_01"
21.6163888953466,0.656378,0.134752,2.84627616275825,14.9425170068027,"SAFL_01"
33.8500927126562,0.667498,0.112758,2.88079301731351,17.1660770975057,"SAFL_01"
33.3107445748391,0.665161,0.117737,3.27682096064613,17.0771428571429,"SAFL_01"
34.9061520798021,0.669832,0.10755,3.0408945750877,16.691746031746,"SAFL_01"
35.1416700644924,0.675465,0.093749,3.22607265524319,16.9585714285714,"SAFL_01"
35.48912058643,0.684781,0.064587,3.57412240068832,16.988231292517,"SAFL_01"
33.8892133804988,0.680286,0.080019,3.51416153208477,17.5218594104308,"SAFL_01"
32.6756461695493,0.682623,0.072412,3.25730682527445,19.1228571428571,"SAFL_01"
33.4739601831539,0.69177,0.026235,1.82555786418248,18.5699092970522,"SAFL_02"
30.1785997347155,0.688981,0.04561,1.87005567326874,19.2160997732426,"SAFL_02"
32.7298966240702,0.692431,0.018921,1.92760936468193,15.7697052154195,"SAFL_02"
45.1926731583226,0.692688,0.015156,1.45239377706537,20.9924943310658,"SAFL_02"
31.4255804806524,0.689547,0.042404,1.83994323448222,18.3107029478458,"SAFL_02"
32.9523254482807,0.682727,0.072054,1.49092487470901,16.0910204081633,"SAFL_02"
33.475658522452,0.661614,0.124901,2.28823901090303,18.5304761904762,"SAFL_02"
31.989009116997,0.683658,0.068773,1.86807238410867,18.8560090702948,"SAFL_02"
33.7792196580789,0.683458,0.06949,2.26608220300155,17.083537414966,"SAFL_02"
31.7116702814184,0.692224,0.021484,1.96489656293588,17.0630385487528,"SAFL_02"
33.7815301987662,0.687706,0.05211,1.94996061495209,17.81410430839,"SAFL_02"
30.6065178508769,0.680793,0.078433,1.86152536239449,18.5418820861678,"SAFL_02"
47.4814177987663,0.690961,0.03305,1.78536786527957,20.5361451247166,"SAFL_02"
32.7274625584132,0.691928,0.024683,1.56673343323151,18.9298185941043,"SAFL_02"
32.1648820947357,0.691523,0.02849,1.63181195876254,18.7902947845805,"SAFL_02"
34.1099552109973,0.692653,0.015715,1.86557852191127,19.1672108843537,"SAFL_02"
32.6248516647959,0.69156,0.028163,1.69131549760203,17.4998866213152,"SAFL_02"
32.7697672377367,0.692698,0.014989,1.62251086176171,16.96410430839,"SAFL_02"
33.6175737554313,0.669866,0.107471,3.53203482585893,18.6484807256236,"SAFL_05"
33.7069577112478,0.678107,0.086501,4.03347320887156,16.9585714285714,"SAFL_05"
34.1639571887274,0.673331,0.099209,3.88723113496793,17.3143537414966,"SAFL_05"
36.3779760183767,0.677501,0.088217,4.39765511413302,17.0771428571429,"SAFL_05"
36.5433553319813,0.679026,0.083829,4.92327256523164,15.8319501133787,"SAFL_05"
36.7538659327128,0.686177,0.058968,4.63111970575364,17.4032653061224,"SAFL_05"
34.4999455814205,0.68658,0.05724,4.66914298652994,17.3143310657596,"SAFL_05"
38.1162290107383,0.677055,0.089459,4.63687139582318,16.1580725623583,"SAFL_05"
36.4529440776533,0.657533,0.132645,4.52978823240401,16.3063038548753,"SAFL_05"
34.8223756298308,0.662053,0.124037,4.02179966344069,16.7806802721088,"SAFL_05"
37.4435642386476,0.670742,0.105445,4.37014087447741,16.3063038548753,"SAFL_05"
37.7271061860103,0.65063,0.14476,4.44739999221334,16.7510204081633,"SAFL_05"
36.3413612689407,0.678276,0.086016,3.94509984887834,17.5515192743764,"SAFL_05"
38.8248794088609,0.693073,0.006105,4.59909253795067,16.5138548752834,"SAFL_05"
36.5030520136812,0.691245,0.030831,4.4758439713159,17.3439909297052,"SAFL_05"
37.312454469966,0.677286,0.088818,3.91012249039684,17.9665759637188,"SAFL_05"
36.689872825217,0.653285,0.140231,4.67149481039883,17.6108163265306,"SAFL_05"
36.134121161428,0.681665,0.075626,4.59581256593422,17.4922222222222,"SAFL_05"
34.6085724064726,0.653264,0.140268,3.8332606992896,17.0771428571429,"SAFL_05"
34.5876826766715,0.620346,0.188436,3.43598937910376,17.1660997732426,"SAFL_05"
34.4242357502473,0.608177,0.203144,3.70836928765015,17.729387755102,"SAFL_05"
34.1141944101178,0.65049,0.144995,3.40872846629978,17.0178684807256,"SAFL_05"
33.9336379860872,0.64479,0.154228,3.71410916495548,17.6997505668934,"SAFL_05"
33.4476221932857,0.635747,0.167769,2.7790932070901,16.7510204081633,"SAFL_05"
34.6506210238261,0.622849,0.18525,3.44061678018354,17.3143310657596,"SAFL_05"
43.2827258197178,0.589662,0.223454,3.95447378157877,22.4795238095238,"SAFL_06"
30.9387274795411,0.591171,0.221878,4.70371637497458,19.6836961451247,"SAFL_06"
44.8000144735991,0.594657,0.218187,4.53460367814848,21.3216553287982,"SAFL_06"
44.0025792964502,0.642193,0.158244,3.65143765590043,21.5475736961451,"SAFL_06"
45.6566185607366,0.681548,0.076007,3.21870921715499,24.992925170068,"SAFL_06"
43.6388531851466,0.653858,0.139233,4.20202917976163,23.6938321995465,"SAFL_06"
55.6358929071962,0.668622,0.110281,3.85228446153908,27.2778004535147,"SAFL_06"
43.7440212783967,0.672151,0.102101,4.38727071369359,23.8830612244898,"SAFL_06"
21.4649885694443,0.575507,0.237644,6.40028529893961,14.6756689342404,"SAFL_07"
22.377429746271,0.578818,0.234414,6.32566165107045,13.7862585034014,"SAFL_07"
21.7657150018379,0.573744,0.239342,6.7239005093137,12.778231292517,"SAFL_07"
22.4285592349423,0.602696,0.209391,6.15321536283089,12.8671655328798,"SAFL_07"
22.8582563613903,0.581949,0.231313,6.50146669663196,12.629977324263,"SAFL_07"
22.8620252700873,0.586887,0.226317,6.27629630903113,12.6892743764172,"SAFL_07"
22.7560412797082,0.582814,0.230447,6.71136180270868,12.6892743764172,"SAFL_07"
22.3869486789458,0.586736,0.226473,6.57580148545998,13.2526077097506,"SAFL_07"
22.790318623293,0.588464,0.224696,6.84721199036205,13.074693877551,"SAFL_07"
22.759769619553,0.649382,0.146838,4.40083303536683,13.1043537414966,"SAFL_07"
22.8112866462135,0.689255,0.044088,3.60916331761993,12.8671655328798,"SAFL_07"
22.884464287572,0.586721,0.226488,5.9304053122859,11.6516099773243,"SAFL_07"
22.7785121632403,0.579162,0.234076,5.84967278375957,12.778231292517,"SAFL_07"
23.2814253267752,0.58358,0.229677,5.37549413666824,12.8671655328798,"SAFL_07"
23.418750750048,0.572241,0.240778,6.24162956752293,12.481746031746,"SAFL_07"
22.5966880325093,0.631019,0.174399,4.29944169541753,11.6812471655329,"SAFL_07"
22.5512587347143,0.576373,0.236804,6.0545214944279,13.1933106575964,"SAFL_07"
22.5359658175715,0.589053,0.224086,6.06133725055539,12.3631746031746,"SAFL_07"
22.5719579343893,0.674863,0.095321,2.43514293328716,13.1040362811791,"SAFMAT_0A"
23.2713938440316,0.683685,0.068673,2.75425592110418,13.2230385487528,"SAFMAT_0A"
24.3226709589512,0.638707,0.16347,2.84818879183667,13.9640362811791,"SAFMAT_0A"
21.1194040298097,0.668309,0.110976,2.96959291914589,14.3490476190476,"SAFMAT_0A"
22.1824133391651,0.588537,0.22462,3.12734876592418,14.9430385487528,"SAFMAT_0A"
24.6103072940738,0.680766,0.078516,2.40314693141464,13.8750566893424,"SAFMAT_0A"
22.7014339351472,0.678233,0.086138,2.60521576988474,13.727052154195,"SAFMAT_0A"
23.4052750194679,0.681967,0.074628,2.40876785579794,14.4680498866213,"SAFMAT_0A"
22.2350170702466,0.672281,0.101787,2.56684626490052,14.3790476190476,"SAFMAT_0A"
22.1853575548256,0.666062,0.115844,2.75321213385942,14.6460544217687,"SAFMAT_0A"
22.8610467073952,0.670568,0.10585,2.52437127048361,14.527052154195,"SAFMAT_0A"
23.783063822378,0.680648,0.078891,2.36353315537457,13.6080498866213,"SAFMAT_0A"
21.8456661382064,0.693082,0.005717,1.53900807653154,10.6732426303855,"SAFMAT_0B"
22.0456679061641,0.693137,0.002222,1.1414493314437,13.4865532879819,"SAFMAT_0B"
21.3746610905333,0.692906,0.010986,1.44690253981267,12.0963265306122,"SAFMAT_0B"
20.8435293447634,0.693092,0.005231,1.22519227449468,12.1259863945578,"SAFMAT_0B"
22.1193807943521,0.692304,0.020528,1.88949781443113,13.4900453514739,"SAFMAT_0E"
22.4389712665408,0.676446,0.091127,3.06289263724526,13.8460544217687,"SAFMAT_0E"
22.3554643969232,0.645451,0.153187,3.26072346536208,14.0530612244898,"SAFMAT_0E"
22.1979644238407,0.681495,0.076181,3.0333627346386,12.897052154195,"SAFMAT_0E"
22.3499047613605,0.683951,0.067706,3.01699954672479,14.497052154195,"SAFMAT_0E"
21.7414176230607,0.685561,0.061509,2.42407248590201,13.1640589569161,"SAFMAT_0E"
23.134186657072,0.645548,0.153034,3.2697568745991,13.5490476190476,"SAFMAT_0E"
22.3192510033367,0.658481,0.130889,3.17670944762839,14.2600453514739,"SAFMAT_0E"
22.7095516418061,0.658952,0.130007,2.89985368626719,13.1319047619048,"SAFMAT_0E"
21.9100291156288,0.665296,0.117455,2.51160768572222,14.8263265306122,"SAFMAT_0E"
22.7132799549276,0.689257,0.044074,2.24247280647326,14.8263265306122,"SAFMAT_0E"
22.1384149436713,0.66636,0.115211,3.14185378681592,14.0073469387755,"SAFMAT_0E"
21.9170635188255,0.657164,0.133322,2.98184249074806,12.369387755102,"SAFMAT_0E"
22.8399576207251,0.681901,0.074846,2.6861782656431,14.4874376417234,"SAFMAT_0E"
23.7754423144945,0.691793,0.026015,3.37096524740334,12.6518140589569,"VJRN_01"
25.5139270771628,0.692619,0.016252,3.37597352641827,13.4707936507937,"VJRN_01"
24.7059209003171,0.671914,0.102671,3.26409571530582,12.22820861678,"VJRN_01"
36.5442663075727,0.693076,0.005964,3.45089538615435,17.2917006802721,"VJRN_02"
21.9504619892551,0.688984,0.045592,3.44136216039454,13.274126984127,"VJRN_02"
21.5628021817898,0.693117,0.00387,3.53628739336321,13.9161904761905,"VJRN_02"
22.6043146412342,0.685477,0.061848,3.58495720494138,13.964126984127,"VJRN_02"
21.2464592362716,0.691088,0.032078,3.09707596142464,13.0119047619048,"VJRN_02"
22.5682732190047,0.682488,0.072874,3.24145087444193,12.9899319727891,"VJRN_02"
22.7369579424975,0.690783,0.03437,4.52080217466176,10.9217006802721,"VJRN_03"
21.6751644063168,0.673298,0.09929,3.45751022770467,12.1954421768707,"VJRN_03"
21.0392774856693,0.685679,0.061032,4.14134213942428,11.9628344671202,"VJRN_03"
22.7994292075966,0.692452,0.018646,4.58829428325726,10.9722222222222,"VJRN_03"
21.6877398591207,0.69031,0.037646,4.14927740116763,12.3915192743764,"VJRN_03"
20.6094877553246,0.675518,0.093608,3.39952069199806,11.0344897959184,"VJRN_04"
21.3397877669764,0.690497,0.036388,3.34268961366892,12.0666893424036,"VJRN_04"
19.8058117817847,0.68779,0.051709,3.41306465634018,11.2068934240363,"VJRN_04"
20.9341628154171,0.685427,0.062048,3.77210489502108,10.7603628117914,"VJRN_04"
20.3801229765659,0.68676,0.05645,3.95049733690735,11.6332426303855,"VJRN_04"
20.5353073544982,0.685404,0.062143,3.90433168950678,12.7020634920635,"VJRN_04"
19.9672653795007,0.684836,0.064373,3.60638647062709,13.0458503401361,"VJRN_04"
19.2746014965731,0.689072,0.045111,3.79894250999457,11.942380952381,"VJRN_04"
20.5332650131132,0.691623,0.027596,3.93625753874398,12.8953968253968,"VJRN_04"
20.6611929008828,0.687287,0.054078,3.8157669664179,13.4327664399093,"VJRN_04"
19.9472535637207,0.686754,0.05648,3.71701834029091,12.8910430839002,"VJRN_04"
20.0128265620303,0.692121,0.022652,2.95560312962363,14.7053287981859,"VJRN_0A"
21.819534520084,0.692739,0.014293,2.81631764998147,13.9048526077098,"VJRN_0A"
20.1608436883297,0.692036,0.023566,2.61275583187084,14.3792063492063,"VJRN_0A"
20.9757700032445,0.690234,0.038146,2.4792793886536,14.7942857142857,"VJRN_0A"
21.4823788341017,0.687074,0.055051,3.42504628215998,13.1932879818594,"VJRN_0A"
21.8055107403159,0.693086,0.005529,2.19008873200885,14.3500453514739,"VJRN_0B"
32.4646301616606,0.692882,0.011514,1.99355479866067,15.2100453514739,"VJRN_0B"
33.6602850555355,0.69237,0.019706,2.20132908293551,15.8320634920635,"VJRN_0B"
22.13661769465,0.692499,0.017995,2.78974785770564,14.4090476190476,"VJRN_0B"
22.4746176255657,0.661343,0.12543,3.28059583386652,14.2309750566893,"VJRS_01"
21.7186734404503,0.691441,0.029196,4.0400363955574,13.3462358276644,"VJRS_01"
23.1553273515606,0.685669,0.061071,4.12205566453355,14.260612244898,"VJRS_01"
23.421653867914,0.677623,0.087874,4.17835816027346,12.481746031746,"VJRS_01"
22.2053063123212,0.672276,0.101797,3.89203981674887,13.3630385487528,"VJRS_01"
22.0574073779218,0.658187,0.131436,3.76507678911955,12.4341950113379,"VJRS_01"
23.3439953707725,0.653443,0.139956,3.79295846579028,13.1622222222222,"VJRS_01"
23.1269177259995,0.670696,0.105552,4.08599857390866,13.1933106575964,"VJRS_01"
23.8977838071008,0.679681,0.08187,4.02186730772694,12.4093650793651,"VJRS_01"
22.8816286636019,0.673144,0.099672,3.9830265042753,12.8198866213152,"VJRS_01"
23.9356770550311,0.680453,0.079499,4.00522352688651,12.74820861678,"VJRS_01"
25.6359956010773,0.685566,0.061491,4.31342737602976,12.5567800453515,"VJRS_01"
23.933065001642,0.685227,0.062845,4.04671774326794,12.1802494331066,"VJRS_01"
24.221655341871,0.682215,0.073797,4.06948969070996,13.4116553287982,"VJRS_01"
24.1170323146363,0.674163,0.097118,4.49535118359431,12.8997959183673,"VJRS_01"
22.716708928894,0.662888,0.122377,3.94177216849331,13.7034467120181,"VJRS_01"
22.4870851956964,0.675318,0.094135,2.2491843618919,11.6673015873016,"VJRS_02"
22.8608623905752,0.65147,0.143344,3.03646800495743,11.8755555555556,"VJRS_02"
22.0454324090477,0.685008,0.063708,2.1743433746665,10.7656462585034,"VJRS_02"
21.5390667085037,0.678364,0.085763,2.30236140943011,12.072947845805,"VJRS_02"
21.7498923351908,0.67481,0.095459,2.47002665052129,10.7698185941043,"VJRS_02"
26.7435455415787,0.690351,0.037374,3.42257128694749,12.6892743764172,"VJRS_03"
26.0262845880152,0.686277,0.058544,3.72866427440304,11.740566893424,"VJRS_03"
25.9246017177363,0.687664,0.05231,3.80225048089795,10.5546485260771,"VJRS_03"
25.3056192937281,0.675139,0.094605,3.44914974130821,10.4802721088435,"VJRS_03"
25.164266872408,0.676012,0.092295,3.26679836902,13.371201814059,"VJRS_03"
24.5865134880253,0.661751,0.124633,3.17866429780259,12.2445578231293,"VJRS_03"
24.7298975788959,0.681205,0.077118,3.5183182713915,12.3928117913832,"VJRS_03"
24.3908897829231,0.692985,0.009001,4.80549155593837,10.7314512471655,"VJRS_05"
24.2503717818624,0.692464,0.018484,4.9043108945247,10.9008843537415,"VJRS_05"
24.9056160428518,0.6928,0.01318,5.00426845863726,11.2115419501134,"VJRS_05"
25.3488035978711,0.689685,0.041581,5.37940178792455,10.9808390022676,"VJRS_05"
24.811716098647,0.687853,0.051407,5.09015531725552,11.4084353741497,"VJRS_05"
21.0472552932022,0.692786,0.013439,3.8063852087504,11.4597505668934,"VJRS_05"
