"","lon","lat","ele","time","name","sym","type","extensions"
"1",116.971518024802,4.74323401227593,"224.031981999999999","2019-08-22T01:22:01Z","M01","Flag, Blue","user","SymbolAndNameSymbolAndName2019-08-22T01:22:01Z"
"2",116.97133898735,4.74361295811832,"233.578780999999992","2019-08-22T01:37:02Z","M02","Flag, Blue","user","SymbolAndNameSymbolAndName2019-08-22T01:37:02Z"
"3",116.971133965999,4.74398796446621,"245.365463000000005","2019-08-22T01:41:26Z","M03","Flag, Blue","user","SymbolAndNameSymbolAndName2019-08-22T01:41:26Z"
"4",116.970937997103,4.74437898024917,"249.941223000000008","2019-08-22T01:50:24Z","M04","Flag, Blue","user","SymbolAndNameSymbolAndName2019-08-22T01:50:24Z"
"5",116.970851998776,4.74482699297369,"256.890594000000021","2019-08-22T01:59:17Z","M05","Flag, Blue","user","SymbolAndNameSymbolAndName2019-08-22T01:59:17Z"
"6",116.970960041508,4.74524701014161,"273.041107000000011","2019-08-22T04:24:40Z","M06","Flag, Blue","user","SymbolAndNameSymbolAndName2019-08-22T04:24:40Z"
"7",116.970844035968,4.74573500454426,"284.298248000000001","2019-08-22T04:36:02Z","M07","Flag, Blue","user","SymbolAndNameSymbolAndName2019-08-22T04:36:02Z"
"8",116.97063096799,4.74618402309716,"264.843964000000028","2019-08-23T06:38:48Z","M08","Flag, Blue","user","SymbolAndNameSymbolAndName2019-08-23T06:38:48Z"
"9",116.970408009365,4.74663304165006,"290.40695199999999","2019-08-22T05:04:19Z","M09","Flag, Blue","user","SymbolAndNameSymbolAndName2019-08-22T05:04:19Z"
